STRUCTURE,STRUCTURE_ID,STRUCTURE_NAME,ACTION,REF_AREA,Reference area,SEX,Sex,AGE,Age,ATTAINMENT_LEV,Educational attainment level,EDUCATION_FIELD,Field of education,MEASURE,Measure,INCOME,Income,BIRTH_PLACE,Place of birth,MIGRATION_AGE,Age at migration,EDU_STATUS,Education status,LABOUR_FORCE_STATUS,Labour force status,DURATION_UNEMP,Unemployment duration,UNIT_MEASURE,Unit of measure,STATISTICAL_OPERATION,Statistical operation,WORK_TIME_ARNGMNT,Work time arrangement,QUESTIONNAIRE,Questionnaire name,FREQ,Frequency of observation,TIME_PERIOD,Time period,OBS_VALUE,Observation value,OBS_STATUS,Observation status,CONF_STATUS,Confidentiality status,UNIT_MULT,Unit multiplier,DECIMALS,Decimals
DATAFLOW,OECD.EDU.IMEP:DSD_EAG_LSO_EA@DF_LSO_NEAC_DISTR_EA(1.0),"Adults' educational attainment distribution, by age group and gender",I,PER,Peru,_T,Total,Y25T64,From 25 to 64 years,ISCED11A_5T8,Tertiary education,_T,Total,POP,Population,_Z,Not applicable,_T,Total,_Z,Not applicable,ED_NED,In education or not in education,POP,Population,_Z,Not applicable,PT_POP_SEX_AGE,Percentage of population in the same sex and age,OBS,Observed,_Z,Not applicable,NEAC,LSO-NEAC regular data collection,A,Annual,2024,,39.27672195,,A,Normal value,,,0,Units,1,One
DATAFLOW,OECD.EDU.IMEP:DSD_EAG_LSO_EA@DF_LSO_NEAC_DISTR_EA(1.0),"Adults' educational attainment distribution, by age group and gender",I,LUX,Luxembourg,_T,Total,Y25T64,From 25 to 64 years,ISCED11A_3_4,Upper secondary or post-secondary non-tertiary education,_T,Total,POP,Population,_Z,Not applicable,_T,Total,_Z,Not applicable,ED_NED,In education or not in education,POP,Population,_Z,Not applicable,PT_POP_SEX_AGE,Percentage of population in the same sex and age,OBS,Observed,_Z,Not applicable,NEAC,LSO-NEAC regular data collection,A,Annual,2024,,28.00396919,,A,Normal value,,,0,Units,1,One
DATAFLOW,OECD.EDU.IMEP:DSD_EAG_LSO_EA@DF_LSO_NEAC_DISTR_EA(1.0),"Adults' educational attainment distribution, by age group and gender",I,SVN,Slovenia,_T,Total,Y25T64,From 25 to 64 years,ISCED11A_3_4,Upper secondary or post-secondary non-tertiary education,_T,Total,POP,Population,_Z,Not applicable,_T,Total,_Z,Not applicable,ED_NED,In education or not in education,POP,Population,_Z,Not applicable,PT_POP_SEX_AGE,Percentage of population in the same sex and age,OBS,Observed,_Z,Not applicable,NEAC,LSO-NEAC regular data collection,A,Annual,2024,,54.37464523,,A,Normal value,,,0,Units,1,One
DATAFLOW,OECD.EDU.IMEP:DSD_EAG_LSO_EA@DF_LSO_NEAC_DISTR_EA(1.0),"Adults' educational attainment distribution, by age group and gender",I,TUR,Türkiye,_T,Total,Y25T64,From 25 to 64 years,ISCED11A_0T2,Below upper secondary education,_T,Total,POP,Population,_Z,Not applicable,_T,Total,_Z,Not applicable,ED_NED,In education or not in education,POP,Population,_Z,Not applicable,PT_POP_SEX_AGE,Percentage of population in the same sex and age,OBS,Observed,_Z,Not applicable,NEAC,LSO-NEAC regular data collection,A,Annual,2024,,49.92462158,,A,Normal value,,,0,Units,1,One
DATAFLOW,OECD.EDU.IMEP:DSD_EAG_LSO_EA@DF_LSO_NEAC_DISTR_EA(1.0),"Adults' educational attainment distribution, by age group and gender",I,LVA,Latvia,_T,Total,Y25T64,From 25 to 64 years,ISCED11A_5T8,Tertiary education,_T,Total,POP,Population,_Z,Not applicable,_T,Total,_Z,Not applicable,ED_NED,In education or not in education,POP,Population,_Z,Not applicable,PT_POP_SEX_AGE,Percentage of population in the same sex and age,OBS,Observed,_Z,Not applicable,NEAC,LSO-NEAC regular data collection,A,Annual,2024,,40.45660782,,A,Normal value,,,0,Units,1,One
DATAFLOW,OECD.EDU.IMEP:DSD_EAG_LSO_EA@DF_LSO_NEAC_DISTR_EA(1.0),"Adults' educational attainment distribution, by age group and gender",I,CRI,Costa Rica,_T,Total,Y25T64,From 25 to 64 years,ISCED11A_5T8,Tertiary education,_T,Total,POP,Population,_Z,Not applicable,_T,Total,_Z,Not applicable,ED_NED,In education or not in education,POP,Population,_Z,Not applicable,PT_POP_SEX_AGE,Percentage of population in the same sex and age,OBS,Observed,_Z,Not applicable,NEAC,LSO-NEAC regular data collection,A,Annual,2024,,27.79136276,,A,Normal value,,,0,Units,1,One
DATAFLOW,OECD.EDU.IMEP:DSD_EAG_LSO_EA@DF_LSO_NEAC_DISTR_EA(1.0),"Adults' educational attainment distribution, by age group and gender",I,JPN,Japan,_T,Total,Y25T64,From 25 to 64 years,ISCED11A_3_4,Upper secondary or post-secondary non-tertiary education,_T,Total,POP,Population,_Z,Not applicable,_T,Total,_Z,Not applicable,ED_NED,In education or not in education,POP,Population,_Z,Not applicable,PT_POP_SEX_AGE,Percentage of population in the same sex and age,OBS,Observed,_Z,Not applicable,NEAC,LSO-NEAC regular data collection,A,Annual,2024,,,,O,Missing value,,,0,Units,1,One
DATAFLOW,OECD.EDU.IMEP:DSD_EAG_LSO_EA@DF_LSO_NEAC_DISTR_EA(1.0),"Adults' educational attainment distribution, by age group and gender",I,TUR,Türkiye,_T,Total,Y25T64,From 25 to 64 years,ISCED11A_5T8,Tertiary education,_T,Total,POP,Population,_Z,Not applicable,_T,Total,_Z,Not applicable,ED_NED,In education or not in education,POP,Population,_Z,Not applicable,PT_POP_SEX_AGE,Percentage of population in the same sex and age,OBS,Observed,_Z,Not applicable,NEAC,LSO-NEAC regular data collection,A,Annual,2024,,26.94421959,,A,Normal value,,,0,Units,1,One
DATAFLOW,OECD.EDU.IMEP:DSD_EAG_LSO_EA@DF_LSO_NEAC_DISTR_EA(1.0),"Adults' educational attainment distribution, by age group and gender",I,ISL,Iceland,_T,Total,Y25T64,From 25 to 64 years,ISCED11A_3_4,Upper secondary or post-secondary non-tertiary education,_T,Total,POP,Population,_Z,Not applicable,_T,Total,_Z,Not applicable,ED_NED,In education or not in education,POP,Population,_Z,Not applicable,PT_POP_SEX_AGE,Percentage of population in the same sex and age,OBS,Observed,_Z,Not applicable,NEAC,LSO-NEAC regular data collection,A,Annual,2023,,35.10569,,A,Normal value,,,0,Units,1,One
DATAFLOW,OECD.EDU.IMEP:DSD_EAG_LSO_EA@DF_LSO_NEAC_DISTR_EA(1.0),"Adults' educational attainment distribution, by age group and gender",I,PER,Peru,_T,Total,Y25T64,From 25 to 64 years,ISCED11A_0T2,Below upper secondary education,_T,Total,POP,Population,_Z,Not applicable,_T,Total,_Z,Not applicable,ED_NED,In education or not in education,POP,Population,_Z,Not applicable,PT_POP_SEX_AGE,Percentage of population in the same sex and age,OBS,Observed,_Z,Not applicable,NEAC,LSO-NEAC regular data collection,A,Annual,2024,,60.72327805,,A,Normal value,,,0,Units,1,One
DATAFLOW,OECD.EDU.IMEP:DSD_EAG_LSO_EA@DF_LSO_NEAC_DISTR_EA(1.0),"Adults' educational attainment distribution, by age group and gender",I,KOR,Korea,_T,Total,Y25T64,From 25 to 64 years,ISCED11A_3_4,Upper secondary or post-secondary non-tertiary education,_T,Total,POP,Population,_Z,Not applicable,_T,Total,_Z,Not applicable,ED_NED,In education or not in education,POP,Population,_Z,Not applicable,PT_POP_SEX_AGE,Percentage of population in the same sex and age,OBS,Observed,_Z,Not applicable,NEAC,LSO-NEAC regular data collection,A,Annual,2024,,37.30480194,,A,Normal value,,,0,Units,1,One
DATAFLOW,OECD.EDU.IMEP:DSD_EAG_LSO_EA@DF_LSO_NEAC_DISTR_EA(1.0),"Adults' educational attainment distribution, by age group and gender",I,GRC,Greece,_T,Total,Y25T64,From 25 to 64 years,ISCED11A_5T8,Tertiary education,_T,Total,POP,Population,_Z,Not applicable,_T,Total,_Z,Not applicable,ED_NED,In education or not in education,POP,Population,_Z,Not applicable,PT_POP_SEX_AGE,Percentage of population in the same sex and age,OBS,Observed,_Z,Not applicable,NEAC,LSO-NEAC regular data collection,A,Annual,2024,,35.29206467,,A,Normal value,,,0,Units,1,One
DATAFLOW,OECD.EDU.IMEP:DSD_EAG_LSO_EA@DF_LSO_NEAC_DISTR_EA(1.0),"Adults' educational attainment distribution, by age group and gender",I,ARG,Argentina,_T,Total,Y25T64,From 25 to 64 years,ISCED11A_5T8,Tertiary education,_T,Total,POP,Population,_Z,Not applicable,_T,Total,_Z,Not applicable,ED_NED,In education or not in education,POP,Population,_Z,Not applicable,PT_POP_SEX_AGE,Percentage of population in the same sex and age,OBS,Observed,_Z,Not applicable,NEAC,LSO-NEAC regular data collection,A,Annual,2023,,23.67523003,,A,Normal value,,,0,Units,1,One
DATAFLOW,OECD.EDU.IMEP:DSD_EAG_LSO_EA@DF_LSO_NEAC_DISTR_EA(1.0),"Adults' educational attainment distribution, by age group and gender",I,ROU,Romania,_T,Total,Y25T64,From 25 to 64 years,ISCED11A_5T8,Tertiary education,_T,Total,POP,Population,_Z,Not applicable,_T,Total,_Z,Not applicable,ED_NED,In education or not in education,POP,Population,_Z,Not applicable,PT_POP_SEX_AGE,Percentage of population in the same sex and age,OBS,Observed,_Z,Not applicable,NEAC,LSO-NEAC regular data collection,A,Annual,2024,,19.2030201,,A,Normal value,,,0,Units,1,One
DATAFLOW,OECD.EDU.IMEP:DSD_EAG_LSO_EA@DF_LSO_NEAC_DISTR_EA(1.0),"Adults' educational attainment distribution, by age group and gender",I,HUN,Hungary,_T,Total,Y25T64,From 25 to 64 years,ISCED11A_3_4,Upper secondary or post-secondary non-tertiary education,_T,Total,POP,Population,_Z,Not applicable,_T,Total,_Z,Not applicable,ED_NED,In education or not in education,POP,Population,_Z,Not applicable,PT_POP_SEX_AGE,Percentage of population in the same sex and age,OBS,Observed,_Z,Not applicable,NEAC,LSO-NEAC regular data collection,A,Annual,2024,,56.99958801,,A,Normal value,,,0,Units,1,One
DATAFLOW,OECD.EDU.IMEP:DSD_EAG_LSO_EA@DF_LSO_NEAC_DISTR_EA(1.0),"Adults' educational attainment distribution, by age group and gender",I,ZAF,South Africa,_T,Total,Y25T64,From 25 to 64 years,ISCED11A_5T8,Tertiary education,_T,Total,POP,Population,_Z,Not applicable,_T,Total,_Z,Not applicable,ED_NED,In education or not in education,POP,Population,_Z,Not applicable,PT_POP_SEX_AGE,Percentage of population in the same sex and age,OBS,Observed,_Z,Not applicable,NEAC,LSO-NEAC regular data collection,A,Annual,2024,,8.98544693,,A,Normal value,,,0,Units,1,One
DATAFLOW,OECD.EDU.IMEP:DSD_EAG_LSO_EA@DF_LSO_NEAC_DISTR_EA(1.0),"Adults' educational attainment distribution, by age group and gender",I,FIN,Finland,_T,Total,Y25T64,From 25 to 64 years,ISCED11A_5T8,Tertiary education,_T,Total,POP,Population,_Z,Not applicable,_T,Total,_Z,Not applicable,ED_NED,In education or not in education,POP,Population,_Z,Not applicable,PT_POP_SEX_AGE,Percentage of population in the same sex and age,OBS,Observed,_Z,Not applicable,NEAC,LSO-NEAC regular data collection,A,Annual,2024,,42.71569824,,A,Normal value,,,0,Units,1,One
DATAFLOW,OECD.EDU.IMEP:DSD_EAG_LSO_EA@DF_LSO_NEAC_DISTR_EA(1.0),"Adults' educational attainment distribution, by age group and gender",I,AUT,Austria,_T,Total,Y25T64,From 25 to 64 years,ISCED11A_5T8,Tertiary education,_T,Total,POP,Population,_Z,Not applicable,_T,Total,_Z,Not applicable,ED_NED,In education or not in education,POP,Population,_Z,Not applicable,PT_POP_SEX_AGE,Percentage of population in the same sex and age,OBS,Observed,_Z,Not applicable,NEAC,LSO-NEAC regular data collection,A,Annual,2024,,37.73565674,,A,Normal value,,,0,Units,1,One
DATAFLOW,OECD.EDU.IMEP:DSD_EAG_LSO_EA@DF_LSO_NEAC_DISTR_EA(1.0),"Adults' educational attainment distribution, by age group and gender",I,DEU,Germany,_T,Total,Y25T64,From 25 to 64 years,ISCED11A_3_4,Upper secondary or post-secondary non-tertiary education,_T,Total,POP,Population,_Z,Not applicable,_T,Total,_Z,Not applicable,ED_NED,In education or not in education,POP,Population,_Z,Not applicable,PT_POP_SEX_AGE,Percentage of population in the same sex and age,OBS,Observed,_Z,Not applicable,NEAC,LSO-NEAC regular data collection,A,Annual,2024,,49.8564949,,A,Normal value,,,0,Units,1,One
DATAFLOW,OECD.EDU.IMEP:DSD_EAG_LSO_EA@DF_LSO_NEAC_DISTR_EA(1.0),"Adults' educational attainment distribution, by age group and gender",I,CHE,Switzerland,_T,Total,Y25T64,From 25 to 64 years,ISCED11A_3_4,Upper secondary or post-secondary non-tertiary education,_T,Total,POP,Population,_Z,Not applicable,_T,Total,_Z,Not applicable,ED_NED,In education or not in education,POP,Population,_Z,Not applicable,PT_POP_SEX_AGE,Percentage of population in the same sex and age,OBS,Observed,_Z,Not applicable,NEAC,LSO-NEAC regular data collection,A,Annual,2024,,39.73619843,,A,Normal value,,,0,Units,1,One
DATAFLOW,OECD.EDU.IMEP:DSD_EAG_LSO_EA@DF_LSO_NEAC_DISTR_EA(1.0),"Adults' educational attainment distribution, by age group and gender",I,AUT,Austria,_T,Total,Y25T64,From 25 to 64 years,ISCED11A_0T2,Below upper secondary education,_T,Total,POP,Population,_Z,Not applicable,_T,Total,_Z,Not applicable,ED_NED,In education or not in education,POP,Population,_Z,Not applicable,PT_POP_SEX_AGE,Percentage of population in the same sex and age,OBS,Observed,_Z,Not applicable,NEAC,LSO-NEAC regular data collection,A,Annual,2024,,13.07517338,,A,Normal value,,,0,Units,1,One
DATAFLOW,OECD.EDU.IMEP:DSD_EAG_LSO_EA@DF_LSO_NEAC_DISTR_EA(1.0),"Adults' educational attainment distribution, by age group and gender",I,EST,Estonia,_T,Total,Y25T64,From 25 to 64 years,ISCED11A_3_4,Upper secondary or post-secondary non-tertiary education,_T,Total,POP,Population,_Z,Not applicable,_T,Total,_Z,Not applicable,ED_NED,In education or not in education,POP,Population,_Z,Not applicable,PT_POP_SEX_AGE,Percentage of population in the same sex and age,OBS,Observed,_Z,Not applicable,NEAC,LSO-NEAC regular data collection,A,Annual,2024,,47.9293251,,A,Normal value,,,0,Units,1,One
DATAFLOW,OECD.EDU.IMEP:DSD_EAG_LSO_EA@DF_LSO_NEAC_DISTR_EA(1.0),"Adults' educational attainment distribution, by age group and gender",I,SVK,Slovak Republic,_T,Total,Y25T64,From 25 to 64 years,ISCED11A_5T8,Tertiary education,_T,Total,POP,Population,_Z,Not applicable,_T,Total,_Z,Not applicable,ED_NED,In education or not in education,POP,Population,_Z,Not applicable,PT_POP_SEX_AGE,Percentage of population in the same sex and age,OBS,Observed,_Z,Not applicable,NEAC,LSO-NEAC regular data collection,A,Annual,2024,,29.03724861,,A,Normal value,,,0,Units,1,One
DATAFLOW,OECD.EDU.IMEP:DSD_EAG_LSO_EA@DF_LSO_NEAC_DISTR_EA(1.0),"Adults' educational attainment distribution, by age group and gender",I,USA,United States,_T,Total,Y25T64,From 25 to 64 years,ISCED11A_3_4,Upper secondary or post-secondary non-tertiary education,_T,Total,POP,Population,_Z,Not applicable,_T,Total,_Z,Not applicable,ED_NED,In education or not in education,POP,Population,_Z,Not applicable,PT_POP_SEX_AGE,Percentage of population in the same sex and age,OBS,Observed,_Z,Not applicable,NEAC,LSO-NEAC regular data collection,A,Annual,2023,,41.29410934,,A,Normal value,,,0,Units,1,One
DATAFLOW,OECD.EDU.IMEP:DSD_EAG_LSO_EA@DF_LSO_NEAC_DISTR_EA(1.0),"Adults' educational attainment distribution, by age group and gender",I,BEL,Belgium,_T,Total,Y25T64,From 25 to 64 years,ISCED11A_5T8,Tertiary education,_T,Total,POP,Population,_Z,Not applicable,_T,Total,_Z,Not applicable,ED_NED,In education or not in education,POP,Population,_Z,Not applicable,PT_POP_SEX_AGE,Percentage of population in the same sex and age,OBS,Observed,_Z,Not applicable,NEAC,LSO-NEAC regular data collection,A,Annual,2024,,45.03292084,,A,Normal value,,,0,Units,1,One
DATAFLOW,OECD.EDU.IMEP:DSD_EAG_LSO_EA@DF_LSO_NEAC_DISTR_EA(1.0),"Adults' educational attainment distribution, by age group and gender",I,CAN,Canada,_T,Total,Y25T64,From 25 to 64 years,ISCED11A_3_4,Upper secondary or post-secondary non-tertiary education,_T,Total,POP,Population,_Z,Not applicable,_T,Total,_Z,Not applicable,ED_NED,In education or not in education,POP,Population,_Z,Not applicable,PT_POP_SEX_AGE,Percentage of population in the same sex and age,OBS,Observed,_Z,Not applicable,NEAC,LSO-NEAC regular data collection,A,Annual,2024,,28.89998055,,A,Normal value,,,0,Units,1,One
DATAFLOW,OECD.EDU.IMEP:DSD_EAG_LSO_EA@DF_LSO_NEAC_DISTR_EA(1.0),"Adults' educational attainment distribution, by age group and gender",I,CHL,Chile,_T,Total,Y25T64,From 25 to 64 years,ISCED11A_3_4,Upper secondary or post-secondary non-tertiary education,_T,Total,POP,Population,_Z,Not applicable,_T,Total,_Z,Not applicable,ED_NED,In education or not in education,POP,Population,_Z,Not applicable,PT_POP_SEX_AGE,Percentage of population in the same sex and age,OBS,Observed,_Z,Not applicable,NEAC,LSO-NEAC regular data collection,A,Annual,2022,,42.07429123,,A,Normal value,,,0,Units,1,One
DATAFLOW,OECD.EDU.IMEP:DSD_EAG_LSO_EA@DF_LSO_NEAC_DISTR_EA(1.0),"Adults' educational attainment distribution, by age group and gender",I,NZL,New Zealand,_T,Total,Y25T64,From 25 to 64 years,ISCED11A_3_4,Upper secondary or post-secondary non-tertiary education,_T,Total,POP,Population,_Z,Not applicable,_T,Total,_Z,Not applicable,ED_NED,In education or not in education,POP,Population,_Z,Not applicable,PT_POP_SEX_AGE,Percentage of population in the same sex and age,OBS,Observed,_Z,Not applicable,NEAC,LSO-NEAC regular data collection,A,Annual,2024,,39.18001938,,A,Normal value,,,0,Units,1,One
DATAFLOW,OECD.EDU.IMEP:DSD_EAG_LSO_EA@DF_LSO_NEAC_DISTR_EA(1.0),"Adults' educational attainment distribution, by age group and gender",I,ISR,Israel,_T,Total,Y25T64,From 25 to 64 years,ISCED11A_0T2,Below upper secondary education,_T,Total,POP,Population,_Z,Not applicable,_T,Total,_Z,Not applicable,ED_NED,In education or not in education,POP,Population,_Z,Not applicable,PT_POP_SEX_AGE,Percentage of population in the same sex and age,OBS,Observed,_Z,Not applicable,NEAC,LSO-NEAC regular data collection,A,Annual,2024,,12.29685116,,A,Normal value,,,0,Units,1,One
DATAFLOW,OECD.EDU.IMEP:DSD_EAG_LSO_EA@DF_LSO_NEAC_DISTR_EA(1.0),"Adults' educational attainment distribution, by age group and gender",I,ARG,Argentina,_T,Total,Y25T64,From 25 to 64 years,ISCED11A_0T2,Below upper secondary education,_T,Total,POP,Population,_Z,Not applicable,_T,Total,_Z,Not applicable,ED_NED,In education or not in education,POP,Population,_Z,Not applicable,PT_POP_SEX_AGE,Percentage of population in the same sex and age,OBS,Observed,_Z,Not applicable,NEAC,LSO-NEAC regular data collection,A,Annual,2023,,32.17717361,,A,Normal value,,,0,Units,1,One
DATAFLOW,OECD.EDU.IMEP:DSD_EAG_LSO_EA@DF_LSO_NEAC_DISTR_EA(1.0),"Adults' educational attainment distribution, by age group and gender",I,HUN,Hungary,_T,Total,Y25T64,From 25 to 64 years,ISCED11A_5T8,Tertiary education,_T,Total,POP,Population,_Z,Not applicable,_T,Total,_Z,Not applicable,ED_NED,In education or not in education,POP,Population,_Z,Not applicable,PT_POP_SEX_AGE,Percentage of population in the same sex and age,OBS,Observed,_Z,Not applicable,NEAC,LSO-NEAC regular data collection,A,Annual,2024,,31.10090256,,A,Normal value,,,0,Units,1,One
DATAFLOW,OECD.EDU.IMEP:DSD_EAG_LSO_EA@DF_LSO_NEAC_DISTR_EA(1.0),"Adults' educational attainment distribution, by age group and gender",I,BGR,Bulgaria,_T,Total,Y25T64,From 25 to 64 years,ISCED11A_3_4,Upper secondary or post-secondary non-tertiary education,_T,Total,POP,Population,_Z,Not applicable,_T,Total,_Z,Not applicable,ED_NED,In education or not in education,POP,Population,_Z,Not applicable,PT_POP_SEX_AGE,Percentage of population in the same sex and age,OBS,Observed,_Z,Not applicable,NEAC,LSO-NEAC regular data collection,A,Annual,2024,,53.09283829,,A,Normal value,,,0,Units,1,One
DATAFLOW,OECD.EDU.IMEP:DSD_EAG_LSO_EA@DF_LSO_NEAC_DISTR_EA(1.0),"Adults' educational attainment distribution, by age group and gender",I,SWE,Sweden,_T,Total,Y25T64,From 25 to 64 years,ISCED11A_0T2,Below upper secondary education,_T,Total,POP,Population,_Z,Not applicable,_T,Total,_Z,Not applicable,ED_NED,In education or not in education,POP,Population,_Z,Not applicable,PT_POP_SEX_AGE,Percentage of population in the same sex and age,OBS,Observed,_Z,Not applicable,NEAC,LSO-NEAC regular data collection,A,Annual,2024,,11.6895113,,A,Normal value,,,0,Units,1,One
DATAFLOW,OECD.EDU.IMEP:DSD_EAG_LSO_EA@DF_LSO_NEAC_DISTR_EA(1.0),"Adults' educational attainment distribution, by age group and gender",I,OECD,OECD,_T,Total,Y25T64,From 25 to 64 years,ISCED11A_0T2,Below upper secondary education,_T,Total,POP,Population,_Z,Not applicable,_T,Total,_Z,Not applicable,ED_NED,In education or not in education,POP,Population,_Z,Not applicable,PT_POP_SEX_AGE,Percentage of population in the same sex and age,OBS,Observed,_Z,Not applicable,NEAC,LSO-NEAC regular data collection,A,Annual,2024,,18.56880331,,A,Normal value,,,0,Units,1,One
DATAFLOW,OECD.EDU.IMEP:DSD_EAG_LSO_EA@DF_LSO_NEAC_DISTR_EA(1.0),"Adults' educational attainment distribution, by age group and gender",I,IND,India,_T,Total,Y25T64,From 25 to 64 years,ISCED11A_3_4,Upper secondary or post-secondary non-tertiary education,_T,Total,POP,Population,_Z,Not applicable,_T,Total,_Z,Not applicable,ED_NED,In education or not in education,POP,Population,_Z,Not applicable,PT_POP_SEX_AGE,Percentage of population in the same sex and age,OBS,Observed,_Z,Not applicable,NEAC,LSO-NEAC regular data collection,A,Annual,2023,,10.52511024,,A,Normal value,,,0,Units,1,One
DATAFLOW,OECD.EDU.IMEP:DSD_EAG_LSO_EA@DF_LSO_NEAC_DISTR_EA(1.0),"Adults' educational attainment distribution, by age group and gender",I,LVA,Latvia,_T,Total,Y25T64,From 25 to 64 years,ISCED11A_0T2,Below upper secondary education,_T,Total,POP,Population,_Z,Not applicable,_T,Total,_Z,Not applicable,ED_NED,In education or not in education,POP,Population,_Z,Not applicable,PT_POP_SEX_AGE,Percentage of population in the same sex and age,OBS,Observed,_Z,Not applicable,NEAC,LSO-NEAC regular data collection,A,Annual,2024,,10.6648674,,A,Normal value,,,0,Units,1,One
DATAFLOW,OECD.EDU.IMEP:DSD_EAG_LSO_EA@DF_LSO_NEAC_DISTR_EA(1.0),"Adults' educational attainment distribution, by age group and gender",I,ROU,Romania,_T,Total,Y25T64,From 25 to 64 years,ISCED11A_3_4,Upper secondary or post-secondary non-tertiary education,_T,Total,POP,Population,_Z,Not applicable,_T,Total,_Z,Not applicable,ED_NED,In education or not in education,POP,Population,_Z,Not applicable,PT_POP_SEX_AGE,Percentage of population in the same sex and age,OBS,Observed,_Z,Not applicable,NEAC,LSO-NEAC regular data collection,A,Annual,2024,,56.16442871,,A,Normal value,,,0,Units,1,One
DATAFLOW,OECD.EDU.IMEP:DSD_EAG_LSO_EA@DF_LSO_NEAC_DISTR_EA(1.0),"Adults' educational attainment distribution, by age group and gender",I,LTU,Lithuania,_T,Total,Y25T64,From 25 to 64 years,ISCED11A_5T8,Tertiary education,_T,Total,POP,Population,_Z,Not applicable,_T,Total,_Z,Not applicable,ED_NED,In education or not in education,POP,Population,_Z,Not applicable,PT_POP_SEX_AGE,Percentage of population in the same sex and age,OBS,Observed,_Z,Not applicable,NEAC,LSO-NEAC regular data collection,A,Annual,2024,,47.69621658,,A,Normal value,,,0,Units,1,One
DATAFLOW,OECD.EDU.IMEP:DSD_EAG_LSO_EA@DF_LSO_NEAC_DISTR_EA(1.0),"Adults' educational attainment distribution, by age group and gender",I,ISR,Israel,_T,Total,Y25T64,From 25 to 64 years,ISCED11A_5T8,Tertiary education,_T,Total,POP,Population,_Z,Not applicable,_T,Total,_Z,Not applicable,ED_NED,In education or not in education,POP,Population,_Z,Not applicable,PT_POP_SEX_AGE,Percentage of population in the same sex and age,OBS,Observed,_Z,Not applicable,NEAC,LSO-NEAC regular data collection,A,Annual,2024,,50.53918839,,A,Normal value,,,0,Units,1,One
DATAFLOW,OECD.EDU.IMEP:DSD_EAG_LSO_EA@DF_LSO_NEAC_DISTR_EA(1.0),"Adults' educational attainment distribution, by age group and gender",I,IDN,Indonesia,_T,Total,Y25T64,From 25 to 64 years,ISCED11A_0T2,Below upper secondary education,_T,Total,POP,Population,_Z,Not applicable,_T,Total,_Z,Not applicable,ED_NED,In education or not in education,POP,Population,_Z,Not applicable,PT_POP_SEX_AGE,Percentage of population in the same sex and age,OBS,Observed,_Z,Not applicable,NEAC,LSO-NEAC regular data collection,A,Annual,2022,,57.26337814,,A,Normal value,,,0,Units,1,One
DATAFLOW,OECD.EDU.IMEP:DSD_EAG_LSO_EA@DF_LSO_NEAC_DISTR_EA(1.0),"Adults' educational attainment distribution, by age group and gender",I,FIN,Finland,_T,Total,Y25T64,From 25 to 64 years,ISCED11A_0T2,Below upper secondary education,_T,Total,POP,Population,_Z,Not applicable,_T,Total,_Z,Not applicable,ED_NED,In education or not in education,POP,Population,_Z,Not applicable,PT_POP_SEX_AGE,Percentage of population in the same sex and age,OBS,Observed,_Z,Not applicable,NEAC,LSO-NEAC regular data collection,A,Annual,2024,,10.89108944,,A,Normal value,,,0,Units,1,One
DATAFLOW,OECD.EDU.IMEP:DSD_EAG_LSO_EA@DF_LSO_NEAC_DISTR_EA(1.0),"Adults' educational attainment distribution, by age group and gender",I,POL,Poland,_T,Total,Y25T64,From 25 to 64 years,ISCED11A_0T2,Below upper secondary education,_T,Total,POP,Population,_Z,Not applicable,_T,Total,_Z,Not applicable,ED_NED,In education or not in education,POP,Population,_Z,Not applicable,PT_POP_SEX_AGE,Percentage of population in the same sex and age,OBS,Observed,_Z,Not applicable,NEAC,LSO-NEAC regular data collection,A,Annual,2024,,5.191302776,,A,Normal value,,,0,Units,1,One
DATAFLOW,OECD.EDU.IMEP:DSD_EAG_LSO_EA@DF_LSO_NEAC_DISTR_EA(1.0),"Adults' educational attainment distribution, by age group and gender",I,HUN,Hungary,_T,Total,Y25T64,From 25 to 64 years,ISCED11A_0T2,Below upper secondary education,_T,Total,POP,Population,_Z,Not applicable,_T,Total,_Z,Not applicable,ED_NED,In education or not in education,POP,Population,_Z,Not applicable,PT_POP_SEX_AGE,Percentage of population in the same sex and age,OBS,Observed,_Z,Not applicable,NEAC,LSO-NEAC regular data collection,A,Annual,2024,,11.89951134,,A,Normal value,,,0,Units,1,One
DATAFLOW,OECD.EDU.IMEP:DSD_EAG_LSO_EA@DF_LSO_NEAC_DISTR_EA(1.0),"Adults' educational attainment distribution, by age group and gender",I,JPN,Japan,_T,Total,Y25T64,From 25 to 64 years,ISCED11A_0T2,Below upper secondary education,_T,Total,POP,Population,_Z,Not applicable,_T,Total,_Z,Not applicable,ED_NED,In education or not in education,POP,Population,_Z,Not applicable,PT_POP_SEX_AGE,Percentage of population in the same sex and age,OBS,Observed,_Z,Not applicable,NEAC,LSO-NEAC regular data collection,A,Annual,2024,,,,O,Missing value,,,0,Units,1,One
DATAFLOW,OECD.EDU.IMEP:DSD_EAG_LSO_EA@DF_LSO_NEAC_DISTR_EA(1.0),"Adults' educational attainment distribution, by age group and gender",I,SVN,Slovenia,_T,Total,Y25T64,From 25 to 64 years,ISCED11A_5T8,Tertiary education,_T,Total,POP,Population,_Z,Not applicable,_T,Total,_Z,Not applicable,ED_NED,In education or not in education,POP,Population,_Z,Not applicable,PT_POP_SEX_AGE,Percentage of population in the same sex and age,OBS,Observed,_Z,Not applicable,NEAC,LSO-NEAC regular data collection,A,Annual,2024,,34.63747787,,A,Normal value,,,0,Units,1,One
DATAFLOW,OECD.EDU.IMEP:DSD_EAG_LSO_EA@DF_LSO_NEAC_DISTR_EA(1.0),"Adults' educational attainment distribution, by age group and gender",I,IDN,Indonesia,_T,Total,Y25T64,From 25 to 64 years,ISCED11A_5T8,Tertiary education,_T,Total,POP,Population,_Z,Not applicable,_T,Total,_Z,Not applicable,ED_NED,In education or not in education,POP,Population,_Z,Not applicable,PT_POP_SEX_AGE,Percentage of population in the same sex and age,OBS,Observed,_Z,Not applicable,NEAC,LSO-NEAC regular data collection,A,Annual,2022,,13.05759525,,A,Normal value,,,0,Units,1,One
DATAFLOW,OECD.EDU.IMEP:DSD_EAG_LSO_EA@DF_LSO_NEAC_DISTR_EA(1.0),"Adults' educational attainment distribution, by age group and gender",I,FRA,France,_T,Total,Y25T64,From 25 to 64 years,ISCED11A_5T8,Tertiary education,_T,Total,POP,Population,_Z,Not applicable,_T,Total,_Z,Not applicable,ED_NED,In education or not in education,POP,Population,_Z,Not applicable,PT_POP_SEX_AGE,Percentage of population in the same sex and age,OBS,Observed,_Z,Not applicable,NEAC,LSO-NEAC regular data collection,A,Annual,2024,,43.35744095,,A,Normal value,,,0,Units,1,One
DATAFLOW,OECD.EDU.IMEP:DSD_EAG_LSO_EA@DF_LSO_NEAC_DISTR_EA(1.0),"Adults' educational attainment distribution, by age group and gender",I,BGR,Bulgaria,_T,Total,Y25T64,From 25 to 64 years,ISCED11A_5T8,Tertiary education,_T,Total,POP,Population,_Z,Not applicable,_T,Total,_Z,Not applicable,ED_NED,In education or not in education,POP,Population,_Z,Not applicable,PT_POP_SEX_AGE,Percentage of population in the same sex and age,OBS,Observed,_Z,Not applicable,NEAC,LSO-NEAC regular data collection,A,Annual,2024,,33.77812576,,A,Normal value,,,0,Units,1,One
DATAFLOW,OECD.EDU.IMEP:DSD_EAG_LSO_EA@DF_LSO_NEAC_DISTR_EA(1.0),"Adults' educational attainment distribution, by age group and gender",I,FRA,France,_T,Total,Y25T64,From 25 to 64 years,ISCED11A_0T2,Below upper secondary education,_T,Total,POP,Population,_Z,Not applicable,_T,Total,_Z,Not applicable,ED_NED,In education or not in education,POP,Population,_Z,Not applicable,PT_POP_SEX_AGE,Percentage of population in the same sex and age,OBS,Observed,_Z,Not applicable,NEAC,LSO-NEAC regular data collection,A,Annual,2024,,16.05910683,,A,Normal value,,,0,Units,1,One
DATAFLOW,OECD.EDU.IMEP:DSD_EAG_LSO_EA@DF_LSO_NEAC_DISTR_EA(1.0),"Adults' educational attainment distribution, by age group and gender",I,IRL,Ireland,_T,Total,Y25T64,From 25 to 64 years,ISCED11A_0T2,Below upper secondary education,_T,Total,POP,Population,_Z,Not applicable,_T,Total,_Z,Not applicable,ED_NED,In education or not in education,POP,Population,_Z,Not applicable,PT_POP_SEX_AGE,Percentage of population in the same sex and age,OBS,Observed,_Z,Not applicable,NEAC,LSO-NEAC regular data collection,A,Annual,2024,,10.73013783,,A,Normal value,,,0,Units,1,One
DATAFLOW,OECD.EDU.IMEP:DSD_EAG_LSO_EA@DF_LSO_NEAC_DISTR_EA(1.0),"Adults' educational attainment distribution, by age group and gender",I,POL,Poland,_T,Total,Y25T64,From 25 to 64 years,ISCED11A_5T8,Tertiary education,_T,Total,POP,Population,_Z,Not applicable,_T,Total,_Z,Not applicable,ED_NED,In education or not in education,POP,Population,_Z,Not applicable,PT_POP_SEX_AGE,Percentage of population in the same sex and age,OBS,Observed,_Z,Not applicable,NEAC,LSO-NEAC regular data collection,A,Annual,2024,,39.45318604,,A,Normal value,,,0,Units,1,One
DATAFLOW,OECD.EDU.IMEP:DSD_EAG_LSO_EA@DF_LSO_NEAC_DISTR_EA(1.0),"Adults' educational attainment distribution, by age group and gender",I,ZAF,South Africa,_T,Total,Y25T64,From 25 to 64 years,ISCED11A_0T2,Below upper secondary education,_T,Total,POP,Population,_Z,Not applicable,_T,Total,_Z,Not applicable,ED_NED,In education or not in education,POP,Population,_Z,Not applicable,PT_POP_SEX_AGE,Percentage of population in the same sex and age,OBS,Observed,_Z,Not applicable,NEAC,LSO-NEAC regular data collection,A,Annual,2024,,49.26618576,,A,Normal value,,,0,Units,1,One
DATAFLOW,OECD.EDU.IMEP:DSD_EAG_LSO_EA@DF_LSO_NEAC_DISTR_EA(1.0),"Adults' educational attainment distribution, by age group and gender",I,CAN,Canada,_T,Total,Y25T64,From 25 to 64 years,ISCED11A_5T8,Tertiary education,_T,Total,POP,Population,_Z,Not applicable,_T,Total,_Z,Not applicable,ED_NED,In education or not in education,POP,Population,_Z,Not applicable,PT_POP_SEX_AGE,Percentage of population in the same sex and age,OBS,Observed,_Z,Not applicable,NEAC,LSO-NEAC regular data collection,A,Annual,2024,,64.6622467,,A,Normal value,,,0,Units,1,One
DATAFLOW,OECD.EDU.IMEP:DSD_EAG_LSO_EA@DF_LSO_NEAC_DISTR_EA(1.0),"Adults' educational attainment distribution, by age group and gender",I,JPN,Japan,_T,Total,Y25T64,From 25 to 64 years,ISCED11A_5T8,Tertiary education,_T,Total,POP,Population,_Z,Not applicable,_T,Total,_Z,Not applicable,ED_NED,In education or not in education,POP,Population,_Z,Not applicable,PT_POP_SEX_AGE,Percentage of population in the same sex and age,OBS,Observed,_Z,Not applicable,NEAC,LSO-NEAC regular data collection,A,Annual,2024,,57.01610184,,W,Includes data from another category,,,0,Units,1,One
DATAFLOW,OECD.EDU.IMEP:DSD_EAG_LSO_EA@DF_LSO_NEAC_DISTR_EA(1.0),"Adults' educational attainment distribution, by age group and gender",I,MEX,Mexico,_T,Total,Y25T64,From 25 to 64 years,ISCED11A_5T8,Tertiary education,_T,Total,POP,Population,_Z,Not applicable,_T,Total,_Z,Not applicable,ED_NED,In education or not in education,POP,Population,_Z,Not applicable,PT_POP_SEX_AGE,Percentage of population in the same sex and age,OBS,Observed,_Z,Not applicable,NEAC,LSO-NEAC regular data collection,A,Annual,2024,,21.87430954,,A,Normal value,,,0,Units,1,One
DATAFLOW,OECD.EDU.IMEP:DSD_EAG_LSO_EA@DF_LSO_NEAC_DISTR_EA(1.0),"Adults' educational attainment distribution, by age group and gender",I,SWE,Sweden,_T,Total,Y25T64,From 25 to 64 years,ISCED11A_5T8,Tertiary education,_T,Total,POP,Population,_Z,Not applicable,_T,Total,_Z,Not applicable,ED_NED,In education or not in education,POP,Population,_Z,Not applicable,PT_POP_SEX_AGE,Percentage of population in the same sex and age,OBS,Observed,_Z,Not applicable,NEAC,LSO-NEAC regular data collection,A,Annual,2024,,51.82631302,,A,Normal value,,,0,Units,1,One
DATAFLOW,OECD.EDU.IMEP:DSD_EAG_LSO_EA@DF_LSO_NEAC_DISTR_EA(1.0),"Adults' educational attainment distribution, by age group and gender",I,COL,Colombia,_T,Total,Y25T64,From 25 to 64 years,ISCED11A_0T2,Below upper secondary education,_T,Total,POP,Population,_Z,Not applicable,_T,Total,_Z,Not applicable,ED_NED,In education or not in education,POP,Population,_Z,Not applicable,PT_POP_SEX_AGE,Percentage of population in the same sex and age,OBS,Observed,_Z,Not applicable,NEAC,LSO-NEAC regular data collection,A,Annual,2024,,32.65184784,,A,Normal value,,,0,Units,1,One
DATAFLOW,OECD.EDU.IMEP:DSD_EAG_LSO_EA@DF_LSO_NEAC_DISTR_EA(1.0),"Adults' educational attainment distribution, by age group and gender",I,LTU,Lithuania,_T,Total,Y25T64,From 25 to 64 years,ISCED11A_0T2,Below upper secondary education,_T,Total,POP,Population,_Z,Not applicable,_T,Total,_Z,Not applicable,ED_NED,In education or not in education,POP,Population,_Z,Not applicable,PT_POP_SEX_AGE,Percentage of population in the same sex and age,OBS,Observed,_Z,Not applicable,NEAC,LSO-NEAC regular data collection,A,Annual,2024,,7.046563148,,A,Normal value,,,0,Units,1,One
DATAFLOW,OECD.EDU.IMEP:DSD_EAG_LSO_EA@DF_LSO_NEAC_DISTR_EA(1.0),"Adults' educational attainment distribution, by age group and gender",I,SVK,Slovak Republic,_T,Total,Y25T64,From 25 to 64 years,ISCED11A_0T2,Below upper secondary education,_T,Total,POP,Population,_Z,Not applicable,_T,Total,_Z,Not applicable,ED_NED,In education or not in education,POP,Population,_Z,Not applicable,PT_POP_SEX_AGE,Percentage of population in the same sex and age,OBS,Observed,_Z,Not applicable,NEAC,LSO-NEAC regular data collection,A,Annual,2024,,6.264955521,,A,Normal value,,,0,Units,1,One
DATAFLOW,OECD.EDU.IMEP:DSD_EAG_LSO_EA@DF_LSO_NEAC_DISTR_EA(1.0),"Adults' educational attainment distribution, by age group and gender",I,IND,India,_T,Total,Y25T64,From 25 to 64 years,ISCED11A_0T2,Below upper secondary education,_T,Total,POP,Population,_Z,Not applicable,_T,Total,_Z,Not applicable,ED_NED,In education or not in education,POP,Population,_Z,Not applicable,PT_POP_SEX_AGE,Percentage of population in the same sex and age,OBS,Observed,_Z,Not applicable,NEAC,LSO-NEAC regular data collection,A,Annual,2023,,75.22858429,,A,Normal value,,,0,Units,1,One
DATAFLOW,OECD.EDU.IMEP:DSD_EAG_LSO_EA@DF_LSO_NEAC_DISTR_EA(1.0),"Adults' educational attainment distribution, by age group and gender",I,DNK,Denmark,_T,Total,Y25T64,From 25 to 64 years,ISCED11A_3_4,Upper secondary or post-secondary non-tertiary education,_T,Total,POP,Population,_Z,Not applicable,_T,Total,_Z,Not applicable,ED_NED,In education or not in education,POP,Population,_Z,Not applicable,PT_POP_SEX_AGE,Percentage of population in the same sex and age,OBS,Observed,_Z,Not applicable,NEAC,LSO-NEAC regular data collection,A,Annual,2024,,38.74941254,,A,Normal value,,,0,Units,1,One
DATAFLOW,OECD.EDU.IMEP:DSD_EAG_LSO_EA@DF_LSO_NEAC_DISTR_EA(1.0),"Adults' educational attainment distribution, by age group and gender",I,USA,United States,_T,Total,Y25T64,From 25 to 64 years,ISCED11A_0T2,Below upper secondary education,_T,Total,POP,Population,_Z,Not applicable,_T,Total,_Z,Not applicable,ED_NED,In education or not in education,POP,Population,_Z,Not applicable,PT_POP_SEX_AGE,Percentage of population in the same sex and age,OBS,Observed,_Z,Not applicable,NEAC,LSO-NEAC regular data collection,A,Annual,2023,,7.999895573,,A,Normal value,,,0,Units,1,One
DATAFLOW,OECD.EDU.IMEP:DSD_EAG_LSO_EA@DF_LSO_NEAC_DISTR_EA(1.0),"Adults' educational attainment distribution, by age group and gender",I,IRL,Ireland,_T,Total,Y25T64,From 25 to 64 years,ISCED11A_5T8,Tertiary education,_T,Total,POP,Population,_Z,Not applicable,_T,Total,_Z,Not applicable,ED_NED,In education or not in education,POP,Population,_Z,Not applicable,PT_POP_SEX_AGE,Percentage of population in the same sex and age,OBS,Observed,_Z,Not applicable,NEAC,LSO-NEAC regular data collection,A,Annual,2024,,57.54948807,,A,Normal value,,,0,Units,1,One
DATAFLOW,OECD.EDU.IMEP:DSD_EAG_LSO_EA@DF_LSO_NEAC_DISTR_EA(1.0),"Adults' educational attainment distribution, by age group and gender",I,ROU,Romania,_T,Total,Y25T64,From 25 to 64 years,ISCED11A_0T2,Below upper secondary education,_T,Total,POP,Population,_Z,Not applicable,_T,Total,_Z,Not applicable,ED_NED,In education or not in education,POP,Population,_Z,Not applicable,PT_POP_SEX_AGE,Percentage of population in the same sex and age,OBS,Observed,_Z,Not applicable,NEAC,LSO-NEAC regular data collection,A,Annual,2024,,24.6325531,,A,Normal value,,,0,Units,1,One
DATAFLOW,OECD.EDU.IMEP:DSD_EAG_LSO_EA@DF_LSO_NEAC_DISTR_EA(1.0),"Adults' educational attainment distribution, by age group and gender",I,ARG,Argentina,_T,Total,Y25T64,From 25 to 64 years,ISCED11A_3_4,Upper secondary or post-secondary non-tertiary education,_T,Total,POP,Population,_Z,Not applicable,_T,Total,_Z,Not applicable,ED_NED,In education or not in education,POP,Population,_Z,Not applicable,PT_POP_SEX_AGE,Percentage of population in the same sex and age,OBS,Observed,_Z,Not applicable,NEAC,LSO-NEAC regular data collection,A,Annual,2023,,43.56904221,,A,Normal value,,,0,Units,1,One
DATAFLOW,OECD.EDU.IMEP:DSD_EAG_LSO_EA@DF_LSO_NEAC_DISTR_EA(1.0),"Adults' educational attainment distribution, by age group and gender",I,FIN,Finland,_T,Total,Y25T64,From 25 to 64 years,ISCED11A_3_4,Upper secondary or post-secondary non-tertiary education,_T,Total,POP,Population,_Z,Not applicable,_T,Total,_Z,Not applicable,ED_NED,In education or not in education,POP,Population,_Z,Not applicable,PT_POP_SEX_AGE,Percentage of population in the same sex and age,OBS,Observed,_Z,Not applicable,NEAC,LSO-NEAC regular data collection,A,Annual,2024,,46.39321136,,A,Normal value,,,0,Units,1,One
DATAFLOW,OECD.EDU.IMEP:DSD_EAG_LSO_EA@DF_LSO_NEAC_DISTR_EA(1.0),"Adults' educational attainment distribution, by age group and gender",I,NZL,New Zealand,_T,Total,Y25T64,From 25 to 64 years,ISCED11A_0T2,Below upper secondary education,_T,Total,POP,Population,_Z,Not applicable,_T,Total,_Z,Not applicable,ED_NED,In education or not in education,POP,Population,_Z,Not applicable,PT_POP_SEX_AGE,Percentage of population in the same sex and age,OBS,Observed,_Z,Not applicable,NEAC,LSO-NEAC regular data collection,A,Annual,2024,,16.85797119,,A,Normal value,,,0,Units,1,One
DATAFLOW,OECD.EDU.IMEP:DSD_EAG_LSO_EA@DF_LSO_NEAC_DISTR_EA(1.0),"Adults' educational attainment distribution, by age group and gender",I,HRV,Croatia,_T,Total,Y25T64,From 25 to 64 years,ISCED11A_0T2,Below upper secondary education,_T,Total,POP,Population,_Z,Not applicable,_T,Total,_Z,Not applicable,ED_NED,In education or not in education,POP,Population,_Z,Not applicable,PT_POP_SEX_AGE,Percentage of population in the same sex and age,OBS,Observed,_Z,Not applicable,NEAC,LSO-NEAC regular data collection,A,Annual,2024,,9.675270081,,A,Normal value,,,0,Units,1,One
DATAFLOW,OECD.EDU.IMEP:DSD_EAG_LSO_EA@DF_LSO_NEAC_DISTR_EA(1.0),"Adults' educational attainment distribution, by age group and gender",I,LUX,Luxembourg,_T,Total,Y25T64,From 25 to 64 years,ISCED11A_0T2,Below upper secondary education,_T,Total,POP,Population,_Z,Not applicable,_T,Total,_Z,Not applicable,ED_NED,In education or not in education,POP,Population,_Z,Not applicable,PT_POP_SEX_AGE,Percentage of population in the same sex and age,OBS,Observed,_Z,Not applicable,NEAC,LSO-NEAC regular data collection,A,Annual,2024,,17.64216995,,A,Normal value,,,0,Units,1,One
DATAFLOW,OECD.EDU.IMEP:DSD_EAG_LSO_EA@DF_LSO_NEAC_DISTR_EA(1.0),"Adults' educational attainment distribution, by age group and gender",I,LVA,Latvia,_T,Total,Y25T64,From 25 to 64 years,ISCED11A_3_4,Upper secondary or post-secondary non-tertiary education,_T,Total,POP,Population,_Z,Not applicable,_T,Total,_Z,Not applicable,ED_NED,In education or not in education,POP,Population,_Z,Not applicable,PT_POP_SEX_AGE,Percentage of population in the same sex and age,OBS,Observed,_Z,Not applicable,NEAC,LSO-NEAC regular data collection,A,Annual,2024,,48.87852478,,A,Normal value,,,0,Units,1,One
DATAFLOW,OECD.EDU.IMEP:DSD_EAG_LSO_EA@DF_LSO_NEAC_DISTR_EA(1.0),"Adults' educational attainment distribution, by age group and gender",I,AUS,Australia,_T,Total,Y25T64,From 25 to 64 years,ISCED11A_5T8,Tertiary education,_T,Total,POP,Population,_Z,Not applicable,_T,Total,_Z,Not applicable,ED_NED,In education or not in education,POP,Population,_Z,Not applicable,PT_POP_SEX_AGE,Percentage of population in the same sex and age,OBS,Observed,_Z,Not applicable,NEAC,LSO-NEAC regular data collection,A,Annual,2024,,53.09037018,,A,Normal value,,,0,Units,1,One
DATAFLOW,OECD.EDU.IMEP:DSD_EAG_LSO_EA@DF_LSO_NEAC_DISTR_EA(1.0),"Adults' educational attainment distribution, by age group and gender",I,AUS,Australia,_T,Total,Y25T64,From 25 to 64 years,ISCED11A_3_4,Upper secondary or post-secondary non-tertiary education,_T,Total,POP,Population,_Z,Not applicable,_T,Total,_Z,Not applicable,ED_NED,In education or not in education,POP,Population,_Z,Not applicable,PT_POP_SEX_AGE,Percentage of population in the same sex and age,OBS,Observed,_Z,Not applicable,NEAC,LSO-NEAC regular data collection,A,Annual,2024,,33.90245438,,A,Normal value,,,0,Units,1,One
DATAFLOW,OECD.EDU.IMEP:DSD_EAG_LSO_EA@DF_LSO_NEAC_DISTR_EA(1.0),"Adults' educational attainment distribution, by age group and gender",I,EST,Estonia,_T,Total,Y25T64,From 25 to 64 years,ISCED11A_5T8,Tertiary education,_T,Total,POP,Population,_Z,Not applicable,_T,Total,_Z,Not applicable,ED_NED,In education or not in education,POP,Population,_Z,Not applicable,PT_POP_SEX_AGE,Percentage of population in the same sex and age,OBS,Observed,_Z,Not applicable,NEAC,LSO-NEAC regular data collection,A,Annual,2024,,42.54973221,,A,Normal value,,,0,Units,1,One
DATAFLOW,OECD.EDU.IMEP:DSD_EAG_LSO_EA@DF_LSO_NEAC_DISTR_EA(1.0),"Adults' educational attainment distribution, by age group and gender",I,FRA,France,_T,Total,Y25T64,From 25 to 64 years,ISCED11A_3_4,Upper secondary or post-secondary non-tertiary education,_T,Total,POP,Population,_Z,Not applicable,_T,Total,_Z,Not applicable,ED_NED,In education or not in education,POP,Population,_Z,Not applicable,PT_POP_SEX_AGE,Percentage of population in the same sex and age,OBS,Observed,_Z,Not applicable,NEAC,LSO-NEAC regular data collection,A,Annual,2024,,40.58345032,,A,Normal value,,,0,Units,1,One
DATAFLOW,OECD.EDU.IMEP:DSD_EAG_LSO_EA@DF_LSO_NEAC_DISTR_EA(1.0),"Adults' educational attainment distribution, by age group and gender",I,DEU,Germany,_T,Total,Y25T64,From 25 to 64 years,ISCED11A_0T2,Below upper secondary education,_T,Total,POP,Population,_Z,Not applicable,_T,Total,_Z,Not applicable,ED_NED,In education or not in education,POP,Population,_Z,Not applicable,PT_POP_SEX_AGE,Percentage of population in the same sex and age,OBS,Observed,_Z,Not applicable,NEAC,LSO-NEAC regular data collection,A,Annual,2024,,15.87774467,,A,Normal value,,,0,Units,1,One
DATAFLOW,OECD.EDU.IMEP:DSD_EAG_LSO_EA@DF_LSO_NEAC_DISTR_EA(1.0),"Adults' educational attainment distribution, by age group and gender",I,PER,Peru,_T,Total,Y25T64,From 25 to 64 years,ISCED11A_3_4,Upper secondary or post-secondary non-tertiary education,_T,Total,POP,Population,_Z,Not applicable,_T,Total,_Z,Not applicable,ED_NED,In education or not in education,POP,Population,_Z,Not applicable,PT_POP_SEX_AGE,Percentage of population in the same sex and age,OBS,Observed,_Z,Not applicable,NEAC,LSO-NEAC regular data collection,A,Annual,2024,,,,O,Missing value,,,0,Units,1,One
DATAFLOW,OECD.EDU.IMEP:DSD_EAG_LSO_EA@DF_LSO_NEAC_DISTR_EA(1.0),"Adults' educational attainment distribution, by age group and gender",I,ISL,Iceland,_T,Total,Y25T64,From 25 to 64 years,ISCED11A_0T2,Below upper secondary education,_T,Total,POP,Population,_Z,Not applicable,_T,Total,_Z,Not applicable,ED_NED,In education or not in education,POP,Population,_Z,Not applicable,PT_POP_SEX_AGE,Percentage of population in the same sex and age,OBS,Observed,_Z,Not applicable,NEAC,LSO-NEAC regular data collection,A,Annual,2023,,20.43259621,,A,Normal value,,,0,Units,1,One
DATAFLOW,OECD.EDU.IMEP:DSD_EAG_LSO_EA@DF_LSO_NEAC_DISTR_EA(1.0),"Adults' educational attainment distribution, by age group and gender",I,CHL,Chile,_T,Total,Y25T64,From 25 to 64 years,ISCED11A_5T8,Tertiary education,_T,Total,POP,Population,_Z,Not applicable,_T,Total,_Z,Not applicable,ED_NED,In education or not in education,POP,Population,_Z,Not applicable,PT_POP_SEX_AGE,Percentage of population in the same sex and age,OBS,Observed,_Z,Not applicable,NEAC,LSO-NEAC regular data collection,A,Annual,2022,,32.91432571,,A,Normal value,,,0,Units,1,One
DATAFLOW,OECD.EDU.IMEP:DSD_EAG_LSO_EA@DF_LSO_NEAC_DISTR_EA(1.0),"Adults' educational attainment distribution, by age group and gender",I,AUS,Australia,_T,Total,Y25T64,From 25 to 64 years,ISCED11A_0T2,Below upper secondary education,_T,Total,POP,Population,_Z,Not applicable,_T,Total,_Z,Not applicable,ED_NED,In education or not in education,POP,Population,_Z,Not applicable,PT_POP_SEX_AGE,Percentage of population in the same sex and age,OBS,Observed,_Z,Not applicable,NEAC,LSO-NEAC regular data collection,A,Annual,2024,,13.00717735,,A,Normal value,,,0,Units,1,One
DATAFLOW,OECD.EDU.IMEP:DSD_EAG_LSO_EA@DF_LSO_NEAC_DISTR_EA(1.0),"Adults' educational attainment distribution, by age group and gender",I,BGR,Bulgaria,_T,Total,Y25T64,From 25 to 64 years,ISCED11A_0T2,Below upper secondary education,_T,Total,POP,Population,_Z,Not applicable,_T,Total,_Z,Not applicable,ED_NED,In education or not in education,POP,Population,_Z,Not applicable,PT_POP_SEX_AGE,Percentage of population in the same sex and age,OBS,Observed,_Z,Not applicable,NEAC,LSO-NEAC regular data collection,A,Annual,2024,,13.12903595,,A,Normal value,,,0,Units,1,One
DATAFLOW,OECD.EDU.IMEP:DSD_EAG_LSO_EA@DF_LSO_NEAC_DISTR_EA(1.0),"Adults' educational attainment distribution, by age group and gender",I,HRV,Croatia,_T,Total,Y25T64,From 25 to 64 years,ISCED11A_3_4,Upper secondary or post-secondary non-tertiary education,_T,Total,POP,Population,_Z,Not applicable,_T,Total,_Z,Not applicable,ED_NED,In education or not in education,POP,Population,_Z,Not applicable,PT_POP_SEX_AGE,Percentage of population in the same sex and age,OBS,Observed,_Z,Not applicable,NEAC,LSO-NEAC regular data collection,A,Annual,2024,,59.89646912,,A,Normal value,,,0,Units,1,One
DATAFLOW,OECD.EDU.IMEP:DSD_EAG_LSO_EA@DF_LSO_NEAC_DISTR_EA(1.0),"Adults' educational attainment distribution, by age group and gender",I,NZL,New Zealand,_T,Total,Y25T64,From 25 to 64 years,ISCED11A_5T8,Tertiary education,_T,Total,POP,Population,_Z,Not applicable,_T,Total,_Z,Not applicable,ED_NED,In education or not in education,POP,Population,_Z,Not applicable,PT_POP_SEX_AGE,Percentage of population in the same sex and age,OBS,Observed,_Z,Not applicable,NEAC,LSO-NEAC regular data collection,A,Annual,2024,,43.96200943,,A,Normal value,,,0,Units,1,One
DATAFLOW,OECD.EDU.IMEP:DSD_EAG_LSO_EA@DF_LSO_NEAC_DISTR_EA(1.0),"Adults' educational attainment distribution, by age group and gender",I,ISR,Israel,_T,Total,Y25T64,From 25 to 64 years,ISCED11A_3_4,Upper secondary or post-secondary non-tertiary education,_T,Total,POP,Population,_Z,Not applicable,_T,Total,_Z,Not applicable,ED_NED,In education or not in education,POP,Population,_Z,Not applicable,PT_POP_SEX_AGE,Percentage of population in the same sex and age,OBS,Observed,_Z,Not applicable,NEAC,LSO-NEAC regular data collection,A,Annual,2024,,37.1639595,,A,Normal value,,,0,Units,1,One
DATAFLOW,OECD.EDU.IMEP:DSD_EAG_LSO_EA@DF_LSO_NEAC_DISTR_EA(1.0),"Adults' educational attainment distribution, by age group and gender",I,KOR,Korea,_T,Total,Y25T64,From 25 to 64 years,ISCED11A_5T8,Tertiary education,_T,Total,POP,Population,_Z,Not applicable,_T,Total,_Z,Not applicable,ED_NED,In education or not in education,POP,Population,_Z,Not applicable,PT_POP_SEX_AGE,Percentage of population in the same sex and age,OBS,Observed,_Z,Not applicable,NEAC,LSO-NEAC regular data collection,A,Annual,2024,,56.18128204,,A,Normal value,,,0,Units,1,One
DATAFLOW,OECD.EDU.IMEP:DSD_EAG_LSO_EA@DF_LSO_NEAC_DISTR_EA(1.0),"Adults' educational attainment distribution, by age group and gender",I,AUT,Austria,_T,Total,Y25T64,From 25 to 64 years,ISCED11A_3_4,Upper secondary or post-secondary non-tertiary education,_T,Total,POP,Population,_Z,Not applicable,_T,Total,_Z,Not applicable,ED_NED,In education or not in education,POP,Population,_Z,Not applicable,PT_POP_SEX_AGE,Percentage of population in the same sex and age,OBS,Observed,_Z,Not applicable,NEAC,LSO-NEAC regular data collection,A,Annual,2024,,49.18916702,,A,Normal value,,,0,Units,1,One
DATAFLOW,OECD.EDU.IMEP:DSD_EAG_LSO_EA@DF_LSO_NEAC_DISTR_EA(1.0),"Adults' educational attainment distribution, by age group and gender",I,EST,Estonia,_T,Total,Y25T64,From 25 to 64 years,ISCED11A_0T2,Below upper secondary education,_T,Total,POP,Population,_Z,Not applicable,_T,Total,_Z,Not applicable,ED_NED,In education or not in education,POP,Population,_Z,Not applicable,PT_POP_SEX_AGE,Percentage of population in the same sex and age,OBS,Observed,_Z,Not applicable,NEAC,LSO-NEAC regular data collection,A,Annual,2024,,9.520944595,,A,Normal value,,,0,Units,1,One
DATAFLOW,OECD.EDU.IMEP:DSD_EAG_LSO_EA@DF_LSO_NEAC_DISTR_EA(1.0),"Adults' educational attainment distribution, by age group and gender",I,NOR,Norway,_T,Total,Y25T64,From 25 to 64 years,ISCED11A_5T8,Tertiary education,_T,Total,POP,Population,_Z,Not applicable,_T,Total,_Z,Not applicable,ED_NED,In education or not in education,POP,Population,_Z,Not applicable,PT_POP_SEX_AGE,Percentage of population in the same sex and age,OBS,Observed,_Z,Not applicable,NEAC,LSO-NEAC regular data collection,A,Annual,2024,,50.44035339,,A,Normal value,,,0,Units,1,One
DATAFLOW,OECD.EDU.IMEP:DSD_EAG_LSO_EA@DF_LSO_NEAC_DISTR_EA(1.0),"Adults' educational attainment distribution, by age group and gender",I,OECD,OECD,_T,Total,Y25T64,From 25 to 64 years,ISCED11A_3_4,Upper secondary or post-secondary non-tertiary education,_T,Total,POP,Population,_Z,Not applicable,_T,Total,_Z,Not applicable,ED_NED,In education or not in education,POP,Population,_Z,Not applicable,PT_POP_SEX_AGE,Percentage of population in the same sex and age,OBS,Observed,_Z,Not applicable,NEAC,LSO-NEAC regular data collection,A,Annual,2024,,40.04796634,,A,Normal value,,,0,Units,1,One
DATAFLOW,OECD.EDU.IMEP:DSD_EAG_LSO_EA@DF_LSO_NEAC_DISTR_EA(1.0),"Adults' educational attainment distribution, by age group and gender",I,HRV,Croatia,_T,Total,Y25T64,From 25 to 64 years,ISCED11A_5T8,Tertiary education,_T,Total,POP,Population,_Z,Not applicable,_T,Total,_Z,Not applicable,ED_NED,In education or not in education,POP,Population,_Z,Not applicable,PT_POP_SEX_AGE,Percentage of population in the same sex and age,OBS,Observed,_Z,Not applicable,NEAC,LSO-NEAC regular data collection,A,Annual,2024,,30.42826271,,A,Normal value,,,0,Units,1,One
DATAFLOW,OECD.EDU.IMEP:DSD_EAG_LSO_EA@DF_LSO_NEAC_DISTR_EA(1.0),"Adults' educational attainment distribution, by age group and gender",I,CRI,Costa Rica,_T,Total,Y25T64,From 25 to 64 years,ISCED11A_3_4,Upper secondary or post-secondary non-tertiary education,_T,Total,POP,Population,_Z,Not applicable,_T,Total,_Z,Not applicable,ED_NED,In education or not in education,POP,Population,_Z,Not applicable,PT_POP_SEX_AGE,Percentage of population in the same sex and age,OBS,Observed,_Z,Not applicable,NEAC,LSO-NEAC regular data collection,A,Annual,2024,,20.53909683,,A,Normal value,,,0,Units,1,One
DATAFLOW,OECD.EDU.IMEP:DSD_EAG_LSO_EA@DF_LSO_NEAC_DISTR_EA(1.0),"Adults' educational attainment distribution, by age group and gender",I,GRC,Greece,_T,Total,Y25T64,From 25 to 64 years,ISCED11A_0T2,Below upper secondary education,_T,Total,POP,Population,_Z,Not applicable,_T,Total,_Z,Not applicable,ED_NED,In education or not in education,POP,Population,_Z,Not applicable,PT_POP_SEX_AGE,Percentage of population in the same sex and age,OBS,Observed,_Z,Not applicable,NEAC,LSO-NEAC regular data collection,A,Annual,2024,,18.05560875,,A,Normal value,,,0,Units,1,One
DATAFLOW,OECD.EDU.IMEP:DSD_EAG_LSO_EA@DF_LSO_NEAC_DISTR_EA(1.0),"Adults' educational attainment distribution, by age group and gender",I,KOR,Korea,_T,Total,Y25T64,From 25 to 64 years,ISCED11A_0T2,Below upper secondary education,_T,Total,POP,Population,_Z,Not applicable,_T,Total,_Z,Not applicable,ED_NED,In education or not in education,POP,Population,_Z,Not applicable,PT_POP_SEX_AGE,Percentage of population in the same sex and age,OBS,Observed,_Z,Not applicable,NEAC,LSO-NEAC regular data collection,A,Annual,2024,,6.513916969,,A,Normal value,,,0,Units,1,One
DATAFLOW,OECD.EDU.IMEP:DSD_EAG_LSO_EA@DF_LSO_NEAC_DISTR_EA(1.0),"Adults' educational attainment distribution, by age group and gender",I,POL,Poland,_T,Total,Y25T64,From 25 to 64 years,ISCED11A_3_4,Upper secondary or post-secondary non-tertiary education,_T,Total,POP,Population,_Z,Not applicable,_T,Total,_Z,Not applicable,ED_NED,In education or not in education,POP,Population,_Z,Not applicable,PT_POP_SEX_AGE,Percentage of population in the same sex and age,OBS,Observed,_Z,Not applicable,NEAC,LSO-NEAC regular data collection,A,Annual,2024,,55.35551071,,A,Normal value,,,0,Units,1,One
DATAFLOW,OECD.EDU.IMEP:DSD_EAG_LSO_EA@DF_LSO_NEAC_DISTR_EA(1.0),"Adults' educational attainment distribution, by age group and gender",I,USA,United States,_T,Total,Y25T64,From 25 to 64 years,ISCED11A_5T8,Tertiary education,_T,Total,POP,Population,_Z,Not applicable,_T,Total,_Z,Not applicable,ED_NED,In education or not in education,POP,Population,_Z,Not applicable,PT_POP_SEX_AGE,Percentage of population in the same sex and age,OBS,Observed,_Z,Not applicable,NEAC,LSO-NEAC regular data collection,A,Annual,2023,,50.70599365,,A,Normal value,,,0,Units,1,One
DATAFLOW,OECD.EDU.IMEP:DSD_EAG_LSO_EA@DF_LSO_NEAC_DISTR_EA(1.0),"Adults' educational attainment distribution, by age group and gender",I,LTU,Lithuania,_T,Total,Y25T64,From 25 to 64 years,ISCED11A_3_4,Upper secondary or post-secondary non-tertiary education,_T,Total,POP,Population,_Z,Not applicable,_T,Total,_Z,Not applicable,ED_NED,In education or not in education,POP,Population,_Z,Not applicable,PT_POP_SEX_AGE,Percentage of population in the same sex and age,OBS,Observed,_Z,Not applicable,NEAC,LSO-NEAC regular data collection,A,Annual,2024,,45.25722122,,A,Normal value,,,0,Units,1,One
DATAFLOW,OECD.EDU.IMEP:DSD_EAG_LSO_EA@DF_LSO_NEAC_DISTR_EA(1.0),"Adults' educational attainment distribution, by age group and gender",I,CHE,Switzerland,_T,Total,Y25T64,From 25 to 64 years,ISCED11A_5T8,Tertiary education,_T,Total,POP,Population,_Z,Not applicable,_T,Total,_Z,Not applicable,ED_NED,In education or not in education,POP,Population,_Z,Not applicable,PT_POP_SEX_AGE,Percentage of population in the same sex and age,OBS,Observed,_Z,Not applicable,NEAC,LSO-NEAC regular data collection,A,Annual,2024,,46.45741653,,A,Normal value,,,0,Units,1,One
DATAFLOW,OECD.EDU.IMEP:DSD_EAG_LSO_EA@DF_LSO_NEAC_DISTR_EA(1.0),"Adults' educational attainment distribution, by age group and gender",I,BEL,Belgium,_T,Total,Y25T64,From 25 to 64 years,ISCED11A_0T2,Below upper secondary education,_T,Total,POP,Population,_Z,Not applicable,_T,Total,_Z,Not applicable,ED_NED,In education or not in education,POP,Population,_Z,Not applicable,PT_POP_SEX_AGE,Percentage of population in the same sex and age,OBS,Observed,_Z,Not applicable,NEAC,LSO-NEAC regular data collection,A,Annual,2024,,17.19539642,,A,Normal value,,,0,Units,1,One
DATAFLOW,OECD.EDU.IMEP:DSD_EAG_LSO_EA@DF_LSO_NEAC_DISTR_EA(1.0),"Adults' educational attainment distribution, by age group and gender",I,GRC,Greece,_T,Total,Y25T64,From 25 to 64 years,ISCED11A_3_4,Upper secondary or post-secondary non-tertiary education,_T,Total,POP,Population,_Z,Not applicable,_T,Total,_Z,Not applicable,ED_NED,In education or not in education,POP,Population,_Z,Not applicable,PT_POP_SEX_AGE,Percentage of population in the same sex and age,OBS,Observed,_Z,Not applicable,NEAC,LSO-NEAC regular data collection,A,Annual,2024,,46.65232468,,A,Normal value,,,0,Units,1,One
DATAFLOW,OECD.EDU.IMEP:DSD_EAG_LSO_EA@DF_LSO_NEAC_DISTR_EA(1.0),"Adults' educational attainment distribution, by age group and gender",I,MEX,Mexico,_T,Total,Y25T64,From 25 to 64 years,ISCED11A_0T2,Below upper secondary education,_T,Total,POP,Population,_Z,Not applicable,_T,Total,_Z,Not applicable,ED_NED,In education or not in education,POP,Population,_Z,Not applicable,PT_POP_SEX_AGE,Percentage of population in the same sex and age,OBS,Observed,_Z,Not applicable,NEAC,LSO-NEAC regular data collection,A,Annual,2024,,54.43732452,,A,Normal value,,,0,Units,1,One
DATAFLOW,OECD.EDU.IMEP:DSD_EAG_LSO_EA@DF_LSO_NEAC_DISTR_EA(1.0),"Adults' educational attainment distribution, by age group and gender",I,GBR,United Kingdom,_T,Total,Y25T64,From 25 to 64 years,ISCED11A_3_4,Upper secondary or post-secondary non-tertiary education,_T,Total,POP,Population,_Z,Not applicable,_T,Total,_Z,Not applicable,ED_NED,In education or not in education,POP,Population,_Z,Not applicable,PT_POP_SEX_AGE,Percentage of population in the same sex and age,OBS,Observed,_Z,Not applicable,NEAC,LSO-NEAC regular data collection,A,Annual,2024,,29.0436039,,A,Normal value,,,0,Units,1,One
DATAFLOW,OECD.EDU.IMEP:DSD_EAG_LSO_EA@DF_LSO_NEAC_DISTR_EA(1.0),"Adults' educational attainment distribution, by age group and gender",I,SWE,Sweden,_T,Total,Y25T64,From 25 to 64 years,ISCED11A_3_4,Upper secondary or post-secondary non-tertiary education,_T,Total,POP,Population,_Z,Not applicable,_T,Total,_Z,Not applicable,ED_NED,In education or not in education,POP,Population,_Z,Not applicable,PT_POP_SEX_AGE,Percentage of population in the same sex and age,OBS,Observed,_Z,Not applicable,NEAC,LSO-NEAC regular data collection,A,Annual,2024,,36.48417664,,A,Normal value,,,0,Units,1,One
DATAFLOW,OECD.EDU.IMEP:DSD_EAG_LSO_EA@DF_LSO_NEAC_DISTR_EA(1.0),"Adults' educational attainment distribution, by age group and gender",I,CHE,Switzerland,_T,Total,Y25T64,From 25 to 64 years,ISCED11A_0T2,Below upper secondary education,_T,Total,POP,Population,_Z,Not applicable,_T,Total,_Z,Not applicable,ED_NED,In education or not in education,POP,Population,_Z,Not applicable,PT_POP_SEX_AGE,Percentage of population in the same sex and age,OBS,Observed,_Z,Not applicable,NEAC,LSO-NEAC regular data collection,A,Annual,2024,,13.80638313,,A,Normal value,,,0,Units,1,One
DATAFLOW,OECD.EDU.IMEP:DSD_EAG_LSO_EA@DF_LSO_NEAC_DISTR_EA(1.0),"Adults' educational attainment distribution, by age group and gender",I,BEL,Belgium,_T,Total,Y25T64,From 25 to 64 years,ISCED11A_3_4,Upper secondary or post-secondary non-tertiary education,_T,Total,POP,Population,_Z,Not applicable,_T,Total,_Z,Not applicable,ED_NED,In education or not in education,POP,Population,_Z,Not applicable,PT_POP_SEX_AGE,Percentage of population in the same sex and age,OBS,Observed,_Z,Not applicable,NEAC,LSO-NEAC regular data collection,A,Annual,2024,,37.77168274,,A,Normal value,,,0,Units,1,One
DATAFLOW,OECD.EDU.IMEP:DSD_EAG_LSO_EA@DF_LSO_NEAC_DISTR_EA(1.0),"Adults' educational attainment distribution, by age group and gender",I,ZAF,South Africa,_T,Total,Y25T64,From 25 to 64 years,ISCED11A_3_4,Upper secondary or post-secondary non-tertiary education,_T,Total,POP,Population,_Z,Not applicable,_T,Total,_Z,Not applicable,ED_NED,In education or not in education,POP,Population,_Z,Not applicable,PT_POP_SEX_AGE,Percentage of population in the same sex and age,OBS,Observed,_Z,Not applicable,NEAC,LSO-NEAC regular data collection,A,Annual,2024,,41.74836731,,A,Normal value,,,0,Units,1,One
DATAFLOW,OECD.EDU.IMEP:DSD_EAG_LSO_EA@DF_LSO_NEAC_DISTR_EA(1.0),"Adults' educational attainment distribution, by age group and gender",I,NOR,Norway,_T,Total,Y25T64,From 25 to 64 years,ISCED11A_0T2,Below upper secondary education,_T,Total,POP,Population,_Z,Not applicable,_T,Total,_Z,Not applicable,ED_NED,In education or not in education,POP,Population,_Z,Not applicable,PT_POP_SEX_AGE,Percentage of population in the same sex and age,OBS,Observed,_Z,Not applicable,NEAC,LSO-NEAC regular data collection,A,Annual,2024,,17.09367561,,A,Normal value,,,0,Units,1,One
DATAFLOW,OECD.EDU.IMEP:DSD_EAG_LSO_EA@DF_LSO_NEAC_DISTR_EA(1.0),"Adults' educational attainment distribution, by age group and gender",I,LUX,Luxembourg,_T,Total,Y25T64,From 25 to 64 years,ISCED11A_5T8,Tertiary education,_T,Total,POP,Population,_Z,Not applicable,_T,Total,_Z,Not applicable,ED_NED,In education or not in education,POP,Population,_Z,Not applicable,PT_POP_SEX_AGE,Percentage of population in the same sex and age,OBS,Observed,_Z,Not applicable,NEAC,LSO-NEAC regular data collection,A,Annual,2024,,54.35386276,,A,Normal value,,,0,Units,1,One
DATAFLOW,OECD.EDU.IMEP:DSD_EAG_LSO_EA@DF_LSO_NEAC_DISTR_EA(1.0),"Adults' educational attainment distribution, by age group and gender",I,IRL,Ireland,_T,Total,Y25T64,From 25 to 64 years,ISCED11A_3_4,Upper secondary or post-secondary non-tertiary education,_T,Total,POP,Population,_Z,Not applicable,_T,Total,_Z,Not applicable,ED_NED,In education or not in education,POP,Population,_Z,Not applicable,PT_POP_SEX_AGE,Percentage of population in the same sex and age,OBS,Observed,_Z,Not applicable,NEAC,LSO-NEAC regular data collection,A,Annual,2024,,31.72037506,,A,Normal value,,,0,Units,1,One
DATAFLOW,OECD.EDU.IMEP:DSD_EAG_LSO_EA@DF_LSO_NEAC_DISTR_EA(1.0),"Adults' educational attainment distribution, by age group and gender",I,DNK,Denmark,_T,Total,Y25T64,From 25 to 64 years,ISCED11A_5T8,Tertiary education,_T,Total,POP,Population,_Z,Not applicable,_T,Total,_Z,Not applicable,ED_NED,In education or not in education,POP,Population,_Z,Not applicable,PT_POP_SEX_AGE,Percentage of population in the same sex and age,OBS,Observed,_Z,Not applicable,NEAC,LSO-NEAC regular data collection,A,Annual,2024,,45.05239105,,A,Normal value,,,0,Units,1,One
DATAFLOW,OECD.EDU.IMEP:DSD_EAG_LSO_EA@DF_LSO_NEAC_DISTR_EA(1.0),"Adults' educational attainment distribution, by age group and gender",I,CZE,Czechia,_T,Total,Y25T64,From 25 to 64 years,ISCED11A_3_4,Upper secondary or post-secondary non-tertiary education,_T,Total,POP,Population,_Z,Not applicable,_T,Total,_Z,Not applicable,ED_NED,In education or not in education,POP,Population,_Z,Not applicable,PT_POP_SEX_AGE,Percentage of population in the same sex and age,OBS,Observed,_Z,Not applicable,NEAC,LSO-NEAC regular data collection,A,Annual,2024,,66.78089142,,A,Normal value,,,0,Units,1,One
DATAFLOW,OECD.EDU.IMEP:DSD_EAG_LSO_EA@DF_LSO_NEAC_DISTR_EA(1.0),"Adults' educational attainment distribution, by age group and gender",I,DEU,Germany,_T,Total,Y25T64,From 25 to 64 years,ISCED11A_5T8,Tertiary education,_T,Total,POP,Population,_Z,Not applicable,_T,Total,_Z,Not applicable,ED_NED,In education or not in education,POP,Population,_Z,Not applicable,PT_POP_SEX_AGE,Percentage of population in the same sex and age,OBS,Observed,_Z,Not applicable,NEAC,LSO-NEAC regular data collection,A,Annual,2024,,34.26576233,,A,Normal value,,,0,Units,1,One
DATAFLOW,OECD.EDU.IMEP:DSD_EAG_LSO_EA@DF_LSO_NEAC_DISTR_EA(1.0),"Adults' educational attainment distribution, by age group and gender",I,PRT,Portugal,_T,Total,Y25T64,From 25 to 64 years,ISCED11A_5T8,Tertiary education,_T,Total,POP,Population,_Z,Not applicable,_T,Total,_Z,Not applicable,ED_NED,In education or not in education,POP,Population,_Z,Not applicable,PT_POP_SEX_AGE,Percentage of population in the same sex and age,OBS,Observed,_Z,Not applicable,NEAC,LSO-NEAC regular data collection,A,Annual,2024,,31.4044838,,A,Normal value,,,0,Units,1,One
DATAFLOW,OECD.EDU.IMEP:DSD_EAG_LSO_EA@DF_LSO_NEAC_DISTR_EA(1.0),"Adults' educational attainment distribution, by age group and gender",I,BRA,Brazil,_T,Total,Y25T64,From 25 to 64 years,ISCED11A_0T2,Below upper secondary education,_T,Total,POP,Population,_Z,Not applicable,_T,Total,_Z,Not applicable,ED_NED,In education or not in education,POP,Population,_Z,Not applicable,PT_POP_SEX_AGE,Percentage of population in the same sex and age,OBS,Observed,_Z,Not applicable,NEAC,LSO-NEAC regular data collection,A,Annual,2023,,39.88211441,,A,Normal value,,,0,Units,1,One
DATAFLOW,OECD.EDU.IMEP:DSD_EAG_LSO_EA@DF_LSO_NEAC_DISTR_EA(1.0),"Adults' educational attainment distribution, by age group and gender",I,SVN,Slovenia,_T,Total,Y25T64,From 25 to 64 years,ISCED11A_0T2,Below upper secondary education,_T,Total,POP,Population,_Z,Not applicable,_T,Total,_Z,Not applicable,ED_NED,In education or not in education,POP,Population,_Z,Not applicable,PT_POP_SEX_AGE,Percentage of population in the same sex and age,OBS,Observed,_Z,Not applicable,NEAC,LSO-NEAC regular data collection,A,Annual,2024,,10.98787498,,A,Normal value,,,0,Units,1,One
DATAFLOW,OECD.EDU.IMEP:DSD_EAG_LSO_EA@DF_LSO_NEAC_DISTR_EA(1.0),"Adults' educational attainment distribution, by age group and gender",I,IDN,Indonesia,_T,Total,Y25T64,From 25 to 64 years,ISCED11A_3_4,Upper secondary or post-secondary non-tertiary education,_T,Total,POP,Population,_Z,Not applicable,_T,Total,_Z,Not applicable,ED_NED,In education or not in education,POP,Population,_Z,Not applicable,PT_POP_SEX_AGE,Percentage of population in the same sex and age,OBS,Observed,_Z,Not applicable,NEAC,LSO-NEAC regular data collection,A,Annual,2022,,29.67902946,,A,Normal value,,,0,Units,1,One
DATAFLOW,OECD.EDU.IMEP:DSD_EAG_LSO_EA@DF_LSO_NEAC_DISTR_EA(1.0),"Adults' educational attainment distribution, by age group and gender",I,COL,Colombia,_T,Total,Y25T64,From 25 to 64 years,ISCED11A_3_4,Upper secondary or post-secondary non-tertiary education,_T,Total,POP,Population,_Z,Not applicable,_T,Total,_Z,Not applicable,ED_NED,In education or not in education,POP,Population,_Z,Not applicable,PT_POP_SEX_AGE,Percentage of population in the same sex and age,OBS,Observed,_Z,Not applicable,NEAC,LSO-NEAC regular data collection,A,Annual,2024,,36.7878418,,A,Normal value,,,0,Units,1,One
DATAFLOW,OECD.EDU.IMEP:DSD_EAG_LSO_EA@DF_LSO_NEAC_DISTR_EA(1.0),"Adults' educational attainment distribution, by age group and gender",I,COL,Colombia,_T,Total,Y25T64,From 25 to 64 years,ISCED11A_5T8,Tertiary education,_T,Total,POP,Population,_Z,Not applicable,_T,Total,_Z,Not applicable,ED_NED,In education or not in education,POP,Population,_Z,Not applicable,PT_POP_SEX_AGE,Percentage of population in the same sex and age,OBS,Observed,_Z,Not applicable,NEAC,LSO-NEAC regular data collection,A,Annual,2024,,30.56031036,,A,Normal value,,,0,Units,1,One
DATAFLOW,OECD.EDU.IMEP:DSD_EAG_LSO_EA@DF_LSO_NEAC_DISTR_EA(1.0),"Adults' educational attainment distribution, by age group and gender",I,CAN,Canada,_T,Total,Y25T64,From 25 to 64 years,ISCED11A_0T2,Below upper secondary education,_T,Total,POP,Population,_Z,Not applicable,_T,Total,_Z,Not applicable,ED_NED,In education or not in education,POP,Population,_Z,Not applicable,PT_POP_SEX_AGE,Percentage of population in the same sex and age,OBS,Observed,_Z,Not applicable,NEAC,LSO-NEAC regular data collection,A,Annual,2024,,6.437768459,,A,Normal value,,,0,Units,1,One
DATAFLOW,OECD.EDU.IMEP:DSD_EAG_LSO_EA@DF_LSO_NEAC_DISTR_EA(1.0),"Adults' educational attainment distribution, by age group and gender",I,PRT,Portugal,_T,Total,Y25T64,From 25 to 64 years,ISCED11A_3_4,Upper secondary or post-secondary non-tertiary education,_T,Total,POP,Population,_Z,Not applicable,_T,Total,_Z,Not applicable,ED_NED,In education or not in education,POP,Population,_Z,Not applicable,PT_POP_SEX_AGE,Percentage of population in the same sex and age,OBS,Observed,_Z,Not applicable,NEAC,LSO-NEAC regular data collection,A,Annual,2024,,30.11633301,,A,Normal value,,,0,Units,1,One
DATAFLOW,OECD.EDU.IMEP:DSD_EAG_LSO_EA@DF_LSO_NEAC_DISTR_EA(1.0),"Adults' educational attainment distribution, by age group and gender",I,DNK,Denmark,_T,Total,Y25T64,From 25 to 64 years,ISCED11A_0T2,Below upper secondary education,_T,Total,POP,Population,_Z,Not applicable,_T,Total,_Z,Not applicable,ED_NED,In education or not in education,POP,Population,_Z,Not applicable,PT_POP_SEX_AGE,Percentage of population in the same sex and age,OBS,Observed,_Z,Not applicable,NEAC,LSO-NEAC regular data collection,A,Annual,2024,,16.19819641,,A,Normal value,,,0,Units,1,One
DATAFLOW,OECD.EDU.IMEP:DSD_EAG_LSO_EA@DF_LSO_NEAC_DISTR_EA(1.0),"Adults' educational attainment distribution, by age group and gender",I,BRA,Brazil,_T,Total,Y25T64,From 25 to 64 years,ISCED11A_5T8,Tertiary education,_T,Total,POP,Population,_Z,Not applicable,_T,Total,_Z,Not applicable,ED_NED,In education or not in education,POP,Population,_Z,Not applicable,PT_POP_SEX_AGE,Percentage of population in the same sex and age,OBS,Observed,_Z,Not applicable,NEAC,LSO-NEAC regular data collection,A,Annual,2023,,21.53577805,,A,Normal value,,,0,Units,1,One
DATAFLOW,OECD.EDU.IMEP:DSD_EAG_LSO_EA@DF_LSO_NEAC_DISTR_EA(1.0),"Adults' educational attainment distribution, by age group and gender",I,MEX,Mexico,_T,Total,Y25T64,From 25 to 64 years,ISCED11A_3_4,Upper secondary or post-secondary non-tertiary education,_T,Total,POP,Population,_Z,Not applicable,_T,Total,_Z,Not applicable,ED_NED,In education or not in education,POP,Population,_Z,Not applicable,PT_POP_SEX_AGE,Percentage of population in the same sex and age,OBS,Observed,_Z,Not applicable,NEAC,LSO-NEAC regular data collection,A,Annual,2024,,23.68836594,,A,Normal value,,,0,Units,1,One
DATAFLOW,OECD.EDU.IMEP:DSD_EAG_LSO_EA@DF_LSO_NEAC_DISTR_EA(1.0),"Adults' educational attainment distribution, by age group and gender",I,SVK,Slovak Republic,_T,Total,Y25T64,From 25 to 64 years,ISCED11A_3_4,Upper secondary or post-secondary non-tertiary education,_T,Total,POP,Population,_Z,Not applicable,_T,Total,_Z,Not applicable,ED_NED,In education or not in education,POP,Population,_Z,Not applicable,PT_POP_SEX_AGE,Percentage of population in the same sex and age,OBS,Observed,_Z,Not applicable,NEAC,LSO-NEAC regular data collection,A,Annual,2024,,64.69779205,,A,Normal value,,,0,Units,1,One
DATAFLOW,OECD.EDU.IMEP:DSD_EAG_LSO_EA@DF_LSO_NEAC_DISTR_EA(1.0),"Adults' educational attainment distribution, by age group and gender",I,NLD,Netherlands,_T,Total,Y25T64,From 25 to 64 years,ISCED11A_5T8,Tertiary education,_T,Total,POP,Population,_Z,Not applicable,_T,Total,_Z,Not applicable,ED_NED,In education or not in education,POP,Population,_Z,Not applicable,PT_POP_SEX_AGE,Percentage of population in the same sex and age,OBS,Observed,_Z,Not applicable,NEAC,LSO-NEAC regular data collection,A,Annual,2024,,45.09827805,,A,Normal value,,,0,Units,1,One
DATAFLOW,OECD.EDU.IMEP:DSD_EAG_LSO_EA@DF_LSO_NEAC_DISTR_EA(1.0),"Adults' educational attainment distribution, by age group and gender",I,ISL,Iceland,_T,Total,Y25T64,From 25 to 64 years,ISCED11A_5T8,Tertiary education,_T,Total,POP,Population,_Z,Not applicable,_T,Total,_Z,Not applicable,ED_NED,In education or not in education,POP,Population,_Z,Not applicable,PT_POP_SEX_AGE,Percentage of population in the same sex and age,OBS,Observed,_Z,Not applicable,NEAC,LSO-NEAC regular data collection,A,Annual,2023,,44.46171188,,A,Normal value,,,0,Units,1,One
DATAFLOW,OECD.EDU.IMEP:DSD_EAG_LSO_EA@DF_LSO_NEAC_DISTR_EA(1.0),"Adults' educational attainment distribution, by age group and gender",I,GBR,United Kingdom,_T,Total,Y25T64,From 25 to 64 years,ISCED11A_5T8,Tertiary education,_T,Total,POP,Population,_Z,Not applicable,_T,Total,_Z,Not applicable,ED_NED,In education or not in education,POP,Population,_Z,Not applicable,PT_POP_SEX_AGE,Percentage of population in the same sex and age,OBS,Observed,_Z,Not applicable,NEAC,LSO-NEAC regular data collection,A,Annual,2024,,53.8429718,,A,Normal value,,,0,Units,1,One
DATAFLOW,OECD.EDU.IMEP:DSD_EAG_LSO_EA@DF_LSO_NEAC_DISTR_EA(1.0),"Adults' educational attainment distribution, by age group and gender",I,ESP,Spain,_T,Total,Y25T64,From 25 to 64 years,ISCED11A_5T8,Tertiary education,_T,Total,POP,Population,_Z,Not applicable,_T,Total,_Z,Not applicable,ED_NED,In education or not in education,POP,Population,_Z,Not applicable,PT_POP_SEX_AGE,Percentage of population in the same sex and age,OBS,Observed,_Z,Not applicable,NEAC,LSO-NEAC regular data collection,A,Annual,2024,,42.25973892,,A,Normal value,,,0,Units,1,One
DATAFLOW,OECD.EDU.IMEP:DSD_EAG_LSO_EA@DF_LSO_NEAC_DISTR_EA(1.0),"Adults' educational attainment distribution, by age group and gender",I,GBR,United Kingdom,_T,Total,Y25T64,From 25 to 64 years,ISCED11A_0T2,Below upper secondary education,_T,Total,POP,Population,_Z,Not applicable,_T,Total,_Z,Not applicable,ED_NED,In education or not in education,POP,Population,_Z,Not applicable,PT_POP_SEX_AGE,Percentage of population in the same sex and age,OBS,Observed,_Z,Not applicable,NEAC,LSO-NEAC regular data collection,A,Annual,2024,,17.11342239,,A,Normal value,,,0,Units,1,One
DATAFLOW,OECD.EDU.IMEP:DSD_EAG_LSO_EA@DF_LSO_NEAC_DISTR_EA(1.0),"Adults' educational attainment distribution, by age group and gender",I,NLD,Netherlands,_T,Total,Y25T64,From 25 to 64 years,ISCED11A_0T2,Below upper secondary education,_T,Total,POP,Population,_Z,Not applicable,_T,Total,_Z,Not applicable,ED_NED,In education or not in education,POP,Population,_Z,Not applicable,PT_POP_SEX_AGE,Percentage of population in the same sex and age,OBS,Observed,_Z,Not applicable,NEAC,LSO-NEAC regular data collection,A,Annual,2024,,18.32732391,,A,Normal value,,,0,Units,1,One
DATAFLOW,OECD.EDU.IMEP:DSD_EAG_LSO_EA@DF_LSO_NEAC_DISTR_EA(1.0),"Adults' educational attainment distribution, by age group and gender",I,NLD,Netherlands,_T,Total,Y25T64,From 25 to 64 years,ISCED11A_3_4,Upper secondary or post-secondary non-tertiary education,_T,Total,POP,Population,_Z,Not applicable,_T,Total,_Z,Not applicable,ED_NED,In education or not in education,POP,Population,_Z,Not applicable,PT_POP_SEX_AGE,Percentage of population in the same sex and age,OBS,Observed,_Z,Not applicable,NEAC,LSO-NEAC regular data collection,A,Annual,2024,,36.57439804,,A,Normal value,,,0,Units,1,One
DATAFLOW,OECD.EDU.IMEP:DSD_EAG_LSO_EA@DF_LSO_NEAC_DISTR_EA(1.0),"Adults' educational attainment distribution, by age group and gender",I,TUR,Türkiye,_T,Total,Y25T64,From 25 to 64 years,ISCED11A_3_4,Upper secondary or post-secondary non-tertiary education,_T,Total,POP,Population,_Z,Not applicable,_T,Total,_Z,Not applicable,ED_NED,In education or not in education,POP,Population,_Z,Not applicable,PT_POP_SEX_AGE,Percentage of population in the same sex and age,OBS,Observed,_Z,Not applicable,NEAC,LSO-NEAC regular data collection,A,Annual,2024,,23.13116074,,A,Normal value,,,0,Units,1,One
DATAFLOW,OECD.EDU.IMEP:DSD_EAG_LSO_EA@DF_LSO_NEAC_DISTR_EA(1.0),"Adults' educational attainment distribution, by age group and gender",I,CHL,Chile,_T,Total,Y25T64,From 25 to 64 years,ISCED11A_0T2,Below upper secondary education,_T,Total,POP,Population,_Z,Not applicable,_T,Total,_Z,Not applicable,ED_NED,In education or not in education,POP,Population,_Z,Not applicable,PT_POP_SEX_AGE,Percentage of population in the same sex and age,OBS,Observed,_Z,Not applicable,NEAC,LSO-NEAC regular data collection,A,Annual,2022,,25.01138496,,A,Normal value,,,0,Units,1,One
DATAFLOW,OECD.EDU.IMEP:DSD_EAG_LSO_EA@DF_LSO_NEAC_DISTR_EA(1.0),"Adults' educational attainment distribution, by age group and gender",I,ESP,Spain,_T,Total,Y25T64,From 25 to 64 years,ISCED11A_3_4,Upper secondary or post-secondary non-tertiary education,_T,Total,POP,Population,_Z,Not applicable,_T,Total,_Z,Not applicable,ED_NED,In education or not in education,POP,Population,_Z,Not applicable,PT_POP_SEX_AGE,Percentage of population in the same sex and age,OBS,Observed,_Z,Not applicable,NEAC,LSO-NEAC regular data collection,A,Annual,2024,,23.02160835,,A,Normal value,,,0,Units,1,One
DATAFLOW,OECD.EDU.IMEP:DSD_EAG_LSO_EA@DF_LSO_NEAC_DISTR_EA(1.0),"Adults' educational attainment distribution, by age group and gender",I,ITA,Italy,_T,Total,Y25T64,From 25 to 64 years,ISCED11A_3_4,Upper secondary or post-secondary non-tertiary education,_T,Total,POP,Population,_Z,Not applicable,_T,Total,_Z,Not applicable,ED_NED,In education or not in education,POP,Population,_Z,Not applicable,PT_POP_SEX_AGE,Percentage of population in the same sex and age,OBS,Observed,_Z,Not applicable,NEAC,LSO-NEAC regular data collection,A,Annual,2024,,44.39754105,,A,Normal value,,,0,Units,1,One
DATAFLOW,OECD.EDU.IMEP:DSD_EAG_LSO_EA@DF_LSO_NEAC_DISTR_EA(1.0),"Adults' educational attainment distribution, by age group and gender",I,ESP,Spain,_T,Total,Y25T64,From 25 to 64 years,ISCED11A_0T2,Below upper secondary education,_T,Total,POP,Population,_Z,Not applicable,_T,Total,_Z,Not applicable,ED_NED,In education or not in education,POP,Population,_Z,Not applicable,PT_POP_SEX_AGE,Percentage of population in the same sex and age,OBS,Observed,_Z,Not applicable,NEAC,LSO-NEAC regular data collection,A,Annual,2024,,34.71865082,,A,Normal value,,,0,Units,1,One
DATAFLOW,OECD.EDU.IMEP:DSD_EAG_LSO_EA@DF_LSO_NEAC_DISTR_EA(1.0),"Adults' educational attainment distribution, by age group and gender",I,ITA,Italy,_T,Total,Y25T64,From 25 to 64 years,ISCED11A_5T8,Tertiary education,_T,Total,POP,Population,_Z,Not applicable,_T,Total,_Z,Not applicable,ED_NED,In education or not in education,POP,Population,_Z,Not applicable,PT_POP_SEX_AGE,Percentage of population in the same sex and age,OBS,Observed,_Z,Not applicable,NEAC,LSO-NEAC regular data collection,A,Annual,2024,,22.31502724,,A,Normal value,,,0,Units,1,One
DATAFLOW,OECD.EDU.IMEP:DSD_EAG_LSO_EA@DF_LSO_NEAC_DISTR_EA(1.0),"Adults' educational attainment distribution, by age group and gender",I,ITA,Italy,_T,Total,Y25T64,From 25 to 64 years,ISCED11A_0T2,Below upper secondary education,_T,Total,POP,Population,_Z,Not applicable,_T,Total,_Z,Not applicable,ED_NED,In education or not in education,POP,Population,_Z,Not applicable,PT_POP_SEX_AGE,Percentage of population in the same sex and age,OBS,Observed,_Z,Not applicable,NEAC,LSO-NEAC regular data collection,A,Annual,2024,,33.28743362,,A,Normal value,,,0,Units,1,One
DATAFLOW,OECD.EDU.IMEP:DSD_EAG_LSO_EA@DF_LSO_NEAC_DISTR_EA(1.0),"Adults' educational attainment distribution, by age group and gender",I,CZE,Czechia,_T,Total,Y25T64,From 25 to 64 years,ISCED11A_0T2,Below upper secondary education,_T,Total,POP,Population,_Z,Not applicable,_T,Total,_Z,Not applicable,ED_NED,In education or not in education,POP,Population,_Z,Not applicable,PT_POP_SEX_AGE,Percentage of population in the same sex and age,OBS,Observed,_Z,Not applicable,NEAC,LSO-NEAC regular data collection,A,Annual,2024,,5.725558281,,A,Normal value,,,0,Units,1,One
DATAFLOW,OECD.EDU.IMEP:DSD_EAG_LSO_EA@DF_LSO_NEAC_DISTR_EA(1.0),"Adults' educational attainment distribution, by age group and gender",I,BRA,Brazil,_T,Total,Y25T64,From 25 to 64 years,ISCED11A_3_4,Upper secondary or post-secondary non-tertiary education,_T,Total,POP,Population,_Z,Not applicable,_T,Total,_Z,Not applicable,ED_NED,In education or not in education,POP,Population,_Z,Not applicable,PT_POP_SEX_AGE,Percentage of population in the same sex and age,OBS,Observed,_Z,Not applicable,NEAC,LSO-NEAC regular data collection,A,Annual,2023,,38.58210754,,A,Normal value,,,0,Units,1,One
DATAFLOW,OECD.EDU.IMEP:DSD_EAG_LSO_EA@DF_LSO_NEAC_DISTR_EA(1.0),"Adults' educational attainment distribution, by age group and gender",I,CZE,Czechia,_T,Total,Y25T64,From 25 to 64 years,ISCED11A_5T8,Tertiary education,_T,Total,POP,Population,_Z,Not applicable,_T,Total,_Z,Not applicable,ED_NED,In education or not in education,POP,Population,_Z,Not applicable,PT_POP_SEX_AGE,Percentage of population in the same sex and age,OBS,Observed,_Z,Not applicable,NEAC,LSO-NEAC regular data collection,A,Annual,2024,,27.49355125,,A,Normal value,,,0,Units,1,One
DATAFLOW,OECD.EDU.IMEP:DSD_EAG_LSO_EA@DF_LSO_NEAC_DISTR_EA(1.0),"Adults' educational attainment distribution, by age group and gender",I,PRT,Portugal,_T,Total,Y25T64,From 25 to 64 years,ISCED11A_0T2,Below upper secondary education,_T,Total,POP,Population,_Z,Not applicable,_T,Total,_Z,Not applicable,ED_NED,In education or not in education,POP,Population,_Z,Not applicable,PT_POP_SEX_AGE,Percentage of population in the same sex and age,OBS,Observed,_Z,Not applicable,NEAC,LSO-NEAC regular data collection,A,Annual,2024,,38.4791832,,A,Normal value,,,0,Units,1,One
DATAFLOW,OECD.EDU.IMEP:DSD_EAG_LSO_EA@DF_LSO_NEAC_DISTR_EA(1.0),"Adults' educational attainment distribution, by age group and gender",I,NOR,Norway,_T,Total,Y25T64,From 25 to 64 years,ISCED11A_3_4,Upper secondary or post-secondary non-tertiary education,_T,Total,POP,Population,_Z,Not applicable,_T,Total,_Z,Not applicable,ED_NED,In education or not in education,POP,Population,_Z,Not applicable,PT_POP_SEX_AGE,Percentage of population in the same sex and age,OBS,Observed,_Z,Not applicable,NEAC,LSO-NEAC regular data collection,A,Annual,2024,,32.4659729,,A,Normal value,,,0,Units,1,One
DATAFLOW,OECD.EDU.IMEP:DSD_EAG_LSO_EA@DF_LSO_NEAC_DISTR_EA(1.0),"Adults' educational attainment distribution, by age group and gender",I,OECD,OECD,_T,Total,Y25T64,From 25 to 64 years,ISCED11A_5T8,Tertiary education,_T,Total,POP,Population,_Z,Not applicable,_T,Total,_Z,Not applicable,ED_NED,In education or not in education,POP,Population,_Z,Not applicable,PT_POP_SEX_AGE,Percentage of population in the same sex and age,OBS,Observed,_Z,Not applicable,NEAC,LSO-NEAC regular data collection,A,Annual,2024,,41.82988379,,A,Normal value,,,0,Units,1,One
DATAFLOW,OECD.EDU.IMEP:DSD_EAG_LSO_EA@DF_LSO_NEAC_DISTR_EA(1.0),"Adults' educational attainment distribution, by age group and gender",I,IND,India,_T,Total,Y25T64,From 25 to 64 years,ISCED11A_5T8,Tertiary education,_T,Total,POP,Population,_Z,Not applicable,_T,Total,_Z,Not applicable,ED_NED,In education or not in education,POP,Population,_Z,Not applicable,PT_POP_SEX_AGE,Percentage of population in the same sex and age,OBS,Observed,_Z,Not applicable,NEAC,LSO-NEAC regular data collection,A,Annual,2023,,14.24630547,,A,Normal value,,,0,Units,1,One
DATAFLOW,OECD.EDU.IMEP:DSD_EAG_LSO_EA@DF_LSO_NEAC_DISTR_EA(1.0),"Adults' educational attainment distribution, by age group and gender",I,CRI,Costa Rica,_T,Total,Y25T64,From 25 to 64 years,ISCED11A_0T2,Below upper secondary education,_T,Total,POP,Population,_Z,Not applicable,_T,Total,_Z,Not applicable,ED_NED,In education or not in education,POP,Population,_Z,Not applicable,PT_POP_SEX_AGE,Percentage of population in the same sex and age,OBS,Observed,_Z,Not applicable,NEAC,LSO-NEAC regular data collection,A,Annual,2024,,51.66954041,,A,Normal value,,,0,Units,1,One
