STRUCTURE,STRUCTURE_ID,STRUCTURE_NAME,ACTION,REF_AREA,Reference area,MEASURE,Measure,DOMAIN,Domain,TIME_PERIOD,Time period,OBS_VALUE,Observation value,OBS_STATUS,Observation status,UNIT_MULT,Unit multiplier,UNIT_MEASURE,Unit of measure,BASE_PER,Base period,DECIMALS,Decimals,POP_GROUP,Population group
DATAFLOW,OECD.WISE.CWB:DSD_CWB@DF_CWB(1.0),Child well-being,I,MEX,Mexico,C1_5,Total length of paid paternity and parental leave reserved for fathers,C1,Family policies,2017,,1,,A,Normal value,0,Units,WK,Weeks,,,1,One,_Z,Not applicable
DATAFLOW,OECD.WISE.CWB:DSD_CWB@DF_CWB(1.0),Child well-being,I,AUS,Australia,C1_4,Total length of paid maternity and parental leave available to mothers,C1,Family policies,2020,,18,,A,Normal value,0,Units,WK,Weeks,,,1,One,_Z,Not applicable
DATAFLOW,OECD.WISE.CWB:DSD_CWB@DF_CWB(1.0),Child well-being,I,AUS,Australia,C1_4,Total length of paid maternity and parental leave available to mothers,C1,Family policies,2019,,18,,A,Normal value,0,Units,WK,Weeks,,,1,One,_Z,Not applicable
DATAFLOW,OECD.WISE.CWB:DSD_CWB@DF_CWB(1.0),Child well-being,I,AUS,Australia,C1_4,Total length of paid maternity and parental leave available to mothers,C1,Family policies,2018,,18,,A,Normal value,0,Units,WK,Weeks,,,1,One,_Z,Not applicable
DATAFLOW,OECD.WISE.CWB:DSD_CWB@DF_CWB(1.0),Child well-being,I,AUS,Australia,C1_4,Total length of paid maternity and parental leave available to mothers,C1,Family policies,2017,,18,,A,Normal value,0,Units,WK,Weeks,,,1,One,_Z,Not applicable
DATAFLOW,OECD.WISE.CWB:DSD_CWB@DF_CWB(1.0),Child well-being,I,AUS,Australia,C1_5,Total length of paid paternity and parental leave reserved for fathers,C1,Family policies,2021,,2,,A,Normal value,0,Units,WK,Weeks,,,1,One,_Z,Not applicable
DATAFLOW,OECD.WISE.CWB:DSD_CWB@DF_CWB(1.0),Child well-being,I,AUS,Australia,C1_5,Total length of paid paternity and parental leave reserved for fathers,C1,Family policies,2020,,2,,A,Normal value,0,Units,WK,Weeks,,,1,One,_Z,Not applicable
DATAFLOW,OECD.WISE.CWB:DSD_CWB@DF_CWB(1.0),Child well-being,I,AUT,Austria,C1_5,Total length of paid paternity and parental leave reserved for fathers,C1,Family policies,2018,,8.7,,A,Normal value,0,Units,WK,Weeks,,,1,One,_Z,Not applicable
DATAFLOW,OECD.WISE.CWB:DSD_CWB@DF_CWB(1.0),Child well-being,I,SVK,Slovak Republic,C1_4,Total length of paid maternity and parental leave available to mothers,C1,Family policies,2019,,164,,A,Normal value,0,Units,WK,Weeks,,,1,One,_Z,Not applicable
DATAFLOW,OECD.WISE.CWB:DSD_CWB@DF_CWB(1.0),Child well-being,I,AUT,Austria,C1_5,Total length of paid paternity and parental leave reserved for fathers,C1,Family policies,2021,,13,,A,Normal value,0,Units,WK,Weeks,,,1,One,_Z,Not applicable
DATAFLOW,OECD.WISE.CWB:DSD_CWB@DF_CWB(1.0),Child well-being,I,AUT,Austria,C1_5,Total length of paid paternity and parental leave reserved for fathers,C1,Family policies,2020,,13,,A,Normal value,0,Units,WK,Weeks,,,1,One,_Z,Not applicable
DATAFLOW,OECD.WISE.CWB:DSD_CWB@DF_CWB(1.0),Child well-being,I,BEL,Belgium,C1_4,Total length of paid maternity and parental leave available to mothers,C1,Family policies,2020,,32.3,,A,Normal value,0,Units,WK,Weeks,,,1,One,_Z,Not applicable
DATAFLOW,OECD.WISE.CWB:DSD_CWB@DF_CWB(1.0),Child well-being,I,BEL,Belgium,C1_4,Total length of paid maternity and parental leave available to mothers,C1,Family policies,2019,,32.3,,A,Normal value,0,Units,WK,Weeks,,,1,One,_Z,Not applicable
DATAFLOW,OECD.WISE.CWB:DSD_CWB@DF_CWB(1.0),Child well-being,I,BEL,Belgium,C1_4,Total length of paid maternity and parental leave available to mothers,C1,Family policies,2018,,32.3,,A,Normal value,0,Units,WK,Weeks,,,1,One,_Z,Not applicable
DATAFLOW,OECD.WISE.CWB:DSD_CWB@DF_CWB(1.0),Child well-being,I,BEL,Belgium,C1_4,Total length of paid maternity and parental leave available to mothers,C1,Family policies,2017,,32.3,,A,Normal value,0,Units,WK,Weeks,,,1,One,_Z,Not applicable
DATAFLOW,OECD.WISE.CWB:DSD_CWB@DF_CWB(1.0),Child well-being,I,BEL,Belgium,C1_5,Total length of paid paternity and parental leave reserved for fathers,C1,Family policies,2021,,20.3,,A,Normal value,0,Units,WK,Weeks,,,1,One,_Z,Not applicable
DATAFLOW,OECD.WISE.CWB:DSD_CWB@DF_CWB(1.0),Child well-being,I,BEL,Belgium,C1_5,Total length of paid paternity and parental leave reserved for fathers,C1,Family policies,2020,,19.3,,A,Normal value,0,Units,WK,Weeks,,,1,One,_Z,Not applicable
DATAFLOW,OECD.WISE.CWB:DSD_CWB@DF_CWB(1.0),Child well-being,I,BEL,Belgium,C1_5,Total length of paid paternity and parental leave reserved for fathers,C1,Family policies,2019,,19.3,,A,Normal value,0,Units,WK,Weeks,,,1,One,_Z,Not applicable
DATAFLOW,OECD.WISE.CWB:DSD_CWB@DF_CWB(1.0),Child well-being,I,BEL,Belgium,C1_5,Total length of paid paternity and parental leave reserved for fathers,C1,Family policies,2018,,19.3,,A,Normal value,0,Units,WK,Weeks,,,1,One,_Z,Not applicable
DATAFLOW,OECD.WISE.CWB:DSD_CWB@DF_CWB(1.0),Child well-being,I,BEL,Belgium,C1_5,Total length of paid paternity and parental leave reserved for fathers,C1,Family policies,2017,,19.3,,A,Normal value,0,Units,WK,Weeks,,,1,One,_Z,Not applicable
DATAFLOW,OECD.WISE.CWB:DSD_CWB@DF_CWB(1.0),Child well-being,I,CAN,Canada,C1_5,Total length of paid paternity and parental leave reserved for fathers,C1,Family policies,2020,,5,,A,Normal value,0,Units,WK,Weeks,,,1,One,_Z,Not applicable
DATAFLOW,OECD.WISE.CWB:DSD_CWB@DF_CWB(1.0),Child well-being,I,CAN,Canada,C1_5,Total length of paid paternity and parental leave reserved for fathers,C1,Family policies,2019,,5,,A,Normal value,0,Units,WK,Weeks,,,1,One,_Z,Not applicable
DATAFLOW,OECD.WISE.CWB:DSD_CWB@DF_CWB(1.0),Child well-being,I,CAN,Canada,C1_5,Total length of paid paternity and parental leave reserved for fathers,C1,Family policies,2018,,0,,A,Normal value,0,Units,WK,Weeks,,,1,One,_Z,Not applicable
DATAFLOW,OECD.WISE.CWB:DSD_CWB@DF_CWB(1.0),Child well-being,I,CAN,Canada,C1_5,Total length of paid paternity and parental leave reserved for fathers,C1,Family policies,2017,,0,,A,Normal value,0,Units,WK,Weeks,,,1,One,_Z,Not applicable
DATAFLOW,OECD.WISE.CWB:DSD_CWB@DF_CWB(1.0),Child well-being,I,CAN,Canada,C1_4,Total length of paid maternity and parental leave available to mothers,C1,Family policies,2021,,51,,A,Normal value,0,Units,WK,Weeks,,,1,One,_Z,Not applicable
DATAFLOW,OECD.WISE.CWB:DSD_CWB@DF_CWB(1.0),Child well-being,I,CAN,Canada,C1_4,Total length of paid maternity and parental leave available to mothers,C1,Family policies,2020,,51,,A,Normal value,0,Units,WK,Weeks,,,1,One,_Z,Not applicable
DATAFLOW,OECD.WISE.CWB:DSD_CWB@DF_CWB(1.0),Child well-being,I,LUX,Luxembourg,C1_5,Total length of paid paternity and parental leave reserved for fathers,C1,Family policies,2017,,26.4,,A,Normal value,0,Units,WK,Weeks,,,1,One,_Z,Not applicable
DATAFLOW,OECD.WISE.CWB:DSD_CWB@DF_CWB(1.0),Child well-being,I,COL,Colombia,C1_5,Total length of paid paternity and parental leave reserved for fathers,C1,Family policies,2018,,8,,A,Normal value,0,Units,WK,Weeks,,,1,One,_Z,Not applicable
DATAFLOW,OECD.WISE.CWB:DSD_CWB@DF_CWB(1.0),Child well-being,I,COL,Colombia,C1_5,Total length of paid paternity and parental leave reserved for fathers,C1,Family policies,2017,,8,,A,Normal value,0,Units,WK,Weeks,,,1,One,_Z,Not applicable
DATAFLOW,OECD.WISE.CWB:DSD_CWB@DF_CWB(1.0),Child well-being,I,COL,Colombia,C1_4,Total length of paid maternity and parental leave available to mothers,C1,Family policies,2021,,17,,A,Normal value,0,Units,WK,Weeks,,,1,One,_Z,Not applicable
DATAFLOW,OECD.WISE.CWB:DSD_CWB@DF_CWB(1.0),Child well-being,I,COL,Colombia,C1_4,Total length of paid maternity and parental leave available to mothers,C1,Family policies,2020,,17,,A,Normal value,0,Units,WK,Weeks,,,1,One,_Z,Not applicable
DATAFLOW,OECD.WISE.CWB:DSD_CWB@DF_CWB(1.0),Child well-being,I,COL,Colombia,C1_4,Total length of paid maternity and parental leave available to mothers,C1,Family policies,2019,,17,,A,Normal value,0,Units,WK,Weeks,,,1,One,_Z,Not applicable
DATAFLOW,OECD.WISE.CWB:DSD_CWB@DF_CWB(1.0),Child well-being,I,COL,Colombia,C1_4,Total length of paid maternity and parental leave available to mothers,C1,Family policies,2018,,17,,A,Normal value,0,Units,WK,Weeks,,,1,One,_Z,Not applicable
DATAFLOW,OECD.WISE.CWB:DSD_CWB@DF_CWB(1.0),Child well-being,I,COL,Colombia,C1_4,Total length of paid maternity and parental leave available to mothers,C1,Family policies,2017,,17,,A,Normal value,0,Units,WK,Weeks,,,1,One,_Z,Not applicable
DATAFLOW,OECD.WISE.CWB:DSD_CWB@DF_CWB(1.0),Child well-being,I,COL,Colombia,C1_5,Total length of paid paternity and parental leave reserved for fathers,C1,Family policies,2021,,8,,A,Normal value,0,Units,WK,Weeks,,,1,One,_Z,Not applicable
DATAFLOW,OECD.WISE.CWB:DSD_CWB@DF_CWB(1.0),Child well-being,I,COL,Colombia,C1_5,Total length of paid paternity and parental leave reserved for fathers,C1,Family policies,2020,,8,,A,Normal value,0,Units,WK,Weeks,,,1,One,_Z,Not applicable
DATAFLOW,OECD.WISE.CWB:DSD_CWB@DF_CWB(1.0),Child well-being,I,CRI,Costa Rica,C1_4,Total length of paid maternity and parental leave available to mothers,C1,Family policies,2018,,17.3,,A,Normal value,0,Units,WK,Weeks,,,1,One,_Z,Not applicable
DATAFLOW,OECD.WISE.CWB:DSD_CWB@DF_CWB(1.0),Child well-being,I,CRI,Costa Rica,C1_4,Total length of paid maternity and parental leave available to mothers,C1,Family policies,2017,,17.3,,A,Normal value,0,Units,WK,Weeks,,,1,One,_Z,Not applicable
DATAFLOW,OECD.WISE.CWB:DSD_CWB@DF_CWB(1.0),Child well-being,I,CRI,Costa Rica,C1_5,Total length of paid paternity and parental leave reserved for fathers,C1,Family policies,2021,,0,,A,Normal value,0,Units,WK,Weeks,,,1,One,_Z,Not applicable
DATAFLOW,OECD.WISE.CWB:DSD_CWB@DF_CWB(1.0),Child well-being,I,CRI,Costa Rica,C1_5,Total length of paid paternity and parental leave reserved for fathers,C1,Family policies,2020,,0,,A,Normal value,0,Units,WK,Weeks,,,1,One,_Z,Not applicable
DATAFLOW,OECD.WISE.CWB:DSD_CWB@DF_CWB(1.0),Child well-being,I,CRI,Costa Rica,C1_5,Total length of paid paternity and parental leave reserved for fathers,C1,Family policies,2019,,0,,A,Normal value,0,Units,WK,Weeks,,,1,One,_Z,Not applicable
DATAFLOW,OECD.WISE.CWB:DSD_CWB@DF_CWB(1.0),Child well-being,I,CRI,Costa Rica,C1_5,Total length of paid paternity and parental leave reserved for fathers,C1,Family policies,2018,,0,,A,Normal value,0,Units,WK,Weeks,,,1,One,_Z,Not applicable
DATAFLOW,OECD.WISE.CWB:DSD_CWB@DF_CWB(1.0),Child well-being,I,CRI,Costa Rica,C1_5,Total length of paid paternity and parental leave reserved for fathers,C1,Family policies,2017,,0,,A,Normal value,0,Units,WK,Weeks,,,1,One,_Z,Not applicable
DATAFLOW,OECD.WISE.CWB:DSD_CWB@DF_CWB(1.0),Child well-being,I,CRI,Costa Rica,C1_4,Total length of paid maternity and parental leave available to mothers,C1,Family policies,2021,,17.3,,A,Normal value,0,Units,WK,Weeks,,,1,One,_Z,Not applicable
DATAFLOW,OECD.WISE.CWB:DSD_CWB@DF_CWB(1.0),Child well-being,I,CRI,Costa Rica,C1_4,Total length of paid maternity and parental leave available to mothers,C1,Family policies,2020,,17.3,,A,Normal value,0,Units,WK,Weeks,,,1,One,_Z,Not applicable
DATAFLOW,OECD.WISE.CWB:DSD_CWB@DF_CWB(1.0),Child well-being,I,CZE,Czechia,C1_5,Total length of paid paternity and parental leave reserved for fathers,C1,Family policies,2019,,1,,A,Normal value,0,Units,WK,Weeks,,,1,One,_Z,Not applicable
DATAFLOW,OECD.WISE.CWB:DSD_CWB@DF_CWB(1.0),Child well-being,I,CZE,Czechia,C1_5,Total length of paid paternity and parental leave reserved for fathers,C1,Family policies,2018,,1,,A,Normal value,0,Units,WK,Weeks,,,1,One,_Z,Not applicable
DATAFLOW,OECD.WISE.CWB:DSD_CWB@DF_CWB(1.0),Child well-being,I,CZE,Czechia,C1_5,Total length of paid paternity and parental leave reserved for fathers,C1,Family policies,2017,,0,,A,Normal value,0,Units,WK,Weeks,,,1,One,_Z,Not applicable
DATAFLOW,OECD.WISE.CWB:DSD_CWB@DF_CWB(1.0),Child well-being,I,CZE,Czechia,C1_4,Total length of paid maternity and parental leave available to mothers,C1,Family policies,2020,,75.1,,A,Normal value,0,Units,WK,Weeks,,,1,One,_Z,Not applicable
DATAFLOW,OECD.WISE.CWB:DSD_CWB@DF_CWB(1.0),Child well-being,I,CZE,Czechia,C1_4,Total length of paid maternity and parental leave available to mothers,C1,Family policies,2019,,62.3,,A,Normal value,0,Units,WK,Weeks,,,1,One,_Z,Not applicable
DATAFLOW,OECD.WISE.CWB:DSD_CWB@DF_CWB(1.0),Child well-being,I,CZE,Czechia,C1_4,Total length of paid maternity and parental leave available to mothers,C1,Family policies,2018,,63.3,,A,Normal value,0,Units,WK,Weeks,,,1,One,_Z,Not applicable
DATAFLOW,OECD.WISE.CWB:DSD_CWB@DF_CWB(1.0),Child well-being,I,CZE,Czechia,C1_4,Total length of paid maternity and parental leave available to mothers,C1,Family policies,2017,,110,,A,Normal value,0,Units,WK,Weeks,,,1,One,_Z,Not applicable
DATAFLOW,OECD.WISE.CWB:DSD_CWB@DF_CWB(1.0),Child well-being,I,CZE,Czechia,C1_5,Total length of paid paternity and parental leave reserved for fathers,C1,Family policies,2021,,1,,A,Normal value,0,Units,WK,Weeks,,,1,One,_Z,Not applicable
DATAFLOW,OECD.WISE.CWB:DSD_CWB@DF_CWB(1.0),Child well-being,I,DNK,Denmark,C1_5,Total length of paid paternity and parental leave reserved for fathers,C1,Family policies,2018,,2,,A,Normal value,0,Units,WK,Weeks,,,1,One,_Z,Not applicable
DATAFLOW,OECD.WISE.CWB:DSD_CWB@DF_CWB(1.0),Child well-being,I,DNK,Denmark,C1_5,Total length of paid paternity and parental leave reserved for fathers,C1,Family policies,2017,,2,,A,Normal value,0,Units,WK,Weeks,,,1,One,_Z,Not applicable
DATAFLOW,OECD.WISE.CWB:DSD_CWB@DF_CWB(1.0),Child well-being,I,DNK,Denmark,C1_4,Total length of paid maternity and parental leave available to mothers,C1,Family policies,2021,,50,,A,Normal value,0,Units,WK,Weeks,,,1,One,_Z,Not applicable
DATAFLOW,OECD.WISE.CWB:DSD_CWB@DF_CWB(1.0),Child well-being,I,DNK,Denmark,C1_4,Total length of paid maternity and parental leave available to mothers,C1,Family policies,2020,,50,,A,Normal value,0,Units,WK,Weeks,,,1,One,_Z,Not applicable
DATAFLOW,OECD.WISE.CWB:DSD_CWB@DF_CWB(1.0),Child well-being,I,DNK,Denmark,C1_4,Total length of paid maternity and parental leave available to mothers,C1,Family policies,2019,,50,,A,Normal value,0,Units,WK,Weeks,,,1,One,_Z,Not applicable
DATAFLOW,OECD.WISE.CWB:DSD_CWB@DF_CWB(1.0),Child well-being,I,DNK,Denmark,C1_4,Total length of paid maternity and parental leave available to mothers,C1,Family policies,2018,,50,,A,Normal value,0,Units,WK,Weeks,,,1,One,_Z,Not applicable
DATAFLOW,OECD.WISE.CWB:DSD_CWB@DF_CWB(1.0),Child well-being,I,DNK,Denmark,C1_4,Total length of paid maternity and parental leave available to mothers,C1,Family policies,2017,,50,,A,Normal value,0,Units,WK,Weeks,,,1,One,_Z,Not applicable
DATAFLOW,OECD.WISE.CWB:DSD_CWB@DF_CWB(1.0),Child well-being,I,DNK,Denmark,C1_5,Total length of paid paternity and parental leave reserved for fathers,C1,Family policies,2021,,2,,A,Normal value,0,Units,WK,Weeks,,,1,One,_Z,Not applicable
DATAFLOW,OECD.WISE.CWB:DSD_CWB@DF_CWB(1.0),Child well-being,I,DNK,Denmark,C1_5,Total length of paid paternity and parental leave reserved for fathers,C1,Family policies,2020,,2,,A,Normal value,0,Units,WK,Weeks,,,1,One,_Z,Not applicable
DATAFLOW,OECD.WISE.CWB:DSD_CWB@DF_CWB(1.0),Child well-being,I,EST,Estonia,C1_5,Total length of paid paternity and parental leave reserved for fathers,C1,Family policies,2017,,2,,A,Normal value,0,Units,WK,Weeks,,,1,One,_Z,Not applicable
DATAFLOW,OECD.WISE.CWB:DSD_CWB@DF_CWB(1.0),Child well-being,I,EST,Estonia,C1_5,Total length of paid paternity and parental leave reserved for fathers,C1,Family policies,2021,,4.3,,A,Normal value,0,Units,WK,Weeks,,,1,One,_Z,Not applicable
DATAFLOW,OECD.WISE.CWB:DSD_CWB@DF_CWB(1.0),Child well-being,I,KOR,Korea,C1_5,Total length of paid paternity and parental leave reserved for fathers,C1,Family policies,2020,,54,,A,Normal value,0,Units,WK,Weeks,,,1,One,_Z,Not applicable
DATAFLOW,OECD.WISE.CWB:DSD_CWB@DF_CWB(1.0),Child well-being,I,LVA,Latvia,C1_5,Total length of paid paternity and parental leave reserved for fathers,C1,Family policies,2018,,1.4,,A,Normal value,0,Units,WK,Weeks,,,1,One,_Z,Not applicable
DATAFLOW,OECD.WISE.CWB:DSD_CWB@DF_CWB(1.0),Child well-being,I,AUT,Austria,C1_4,Total length of paid maternity and parental leave available to mothers,C1,Family policies,2017,,60,,A,Normal value,0,Units,WK,Weeks,,,1,One,_Z,Not applicable
DATAFLOW,OECD.WISE.CWB:DSD_CWB@DF_CWB(1.0),Child well-being,I,DEU,Germany,C1_5,Total length of paid paternity and parental leave reserved for fathers,C1,Family policies,2017,,8.7,,A,Normal value,0,Units,WK,Weeks,,,1,One,_Z,Not applicable
DATAFLOW,OECD.WISE.CWB:DSD_CWB@DF_CWB(1.0),Child well-being,I,DEU,Germany,C1_4,Total length of paid maternity and parental leave available to mothers,C1,Family policies,2021,,58,,A,Normal value,0,Units,WK,Weeks,,,1,One,_Z,Not applicable
DATAFLOW,OECD.WISE.CWB:DSD_CWB@DF_CWB(1.0),Child well-being,I,DEU,Germany,C1_4,Total length of paid maternity and parental leave available to mothers,C1,Family policies,2020,,58,,A,Normal value,0,Units,WK,Weeks,,,1,One,_Z,Not applicable
DATAFLOW,OECD.WISE.CWB:DSD_CWB@DF_CWB(1.0),Child well-being,I,DEU,Germany,C1_4,Total length of paid maternity and parental leave available to mothers,C1,Family policies,2019,,58,,A,Normal value,0,Units,WK,Weeks,,,1,One,_Z,Not applicable
DATAFLOW,OECD.WISE.CWB:DSD_CWB@DF_CWB(1.0),Child well-being,I,DEU,Germany,C1_4,Total length of paid maternity and parental leave available to mothers,C1,Family policies,2018,,58,,A,Normal value,0,Units,WK,Weeks,,,1,One,_Z,Not applicable
DATAFLOW,OECD.WISE.CWB:DSD_CWB@DF_CWB(1.0),Child well-being,I,DEU,Germany,C1_4,Total length of paid maternity and parental leave available to mothers,C1,Family policies,2017,,58,,A,Normal value,0,Units,WK,Weeks,,,1,One,_Z,Not applicable
DATAFLOW,OECD.WISE.CWB:DSD_CWB@DF_CWB(1.0),Child well-being,I,DEU,Germany,C1_5,Total length of paid paternity and parental leave reserved for fathers,C1,Family policies,2021,,8.7,,A,Normal value,0,Units,WK,Weeks,,,1,One,_Z,Not applicable
DATAFLOW,OECD.WISE.CWB:DSD_CWB@DF_CWB(1.0),Child well-being,I,DEU,Germany,C1_5,Total length of paid paternity and parental leave reserved for fathers,C1,Family policies,2020,,8.7,,A,Normal value,0,Units,WK,Weeks,,,1,One,_Z,Not applicable
DATAFLOW,OECD.WISE.CWB:DSD_CWB@DF_CWB(1.0),Child well-being,I,GRC,Greece,C1_5,Total length of paid paternity and parental leave reserved for fathers,C1,Family policies,2018,,0.4,,A,Normal value,0,Units,WK,Weeks,,,1,One,_Z,Not applicable
DATAFLOW,OECD.WISE.CWB:DSD_CWB@DF_CWB(1.0),Child well-being,I,GRC,Greece,C1_5,Total length of paid paternity and parental leave reserved for fathers,C1,Family policies,2017,,0.4,,A,Normal value,0,Units,WK,Weeks,,,1,One,_Z,Not applicable
DATAFLOW,OECD.WISE.CWB:DSD_CWB@DF_CWB(1.0),Child well-being,I,GRC,Greece,C1_4,Total length of paid maternity and parental leave available to mothers,C1,Family policies,2021,,43,,A,Normal value,0,Units,WK,Weeks,,,1,One,_Z,Not applicable
DATAFLOW,OECD.WISE.CWB:DSD_CWB@DF_CWB(1.0),Child well-being,I,GRC,Greece,C1_4,Total length of paid maternity and parental leave available to mothers,C1,Family policies,2020,,43,,A,Normal value,0,Units,WK,Weeks,,,1,One,_Z,Not applicable
DATAFLOW,OECD.WISE.CWB:DSD_CWB@DF_CWB(1.0),Child well-being,I,GRC,Greece,C1_4,Total length of paid maternity and parental leave available to mothers,C1,Family policies,2019,,43,,A,Normal value,0,Units,WK,Weeks,,,1,One,_Z,Not applicable
DATAFLOW,OECD.WISE.CWB:DSD_CWB@DF_CWB(1.0),Child well-being,I,GRC,Greece,C1_4,Total length of paid maternity and parental leave available to mothers,C1,Family policies,2018,,43,,A,Normal value,0,Units,WK,Weeks,,,1,One,_Z,Not applicable
DATAFLOW,OECD.WISE.CWB:DSD_CWB@DF_CWB(1.0),Child well-being,I,GRC,Greece,C1_4,Total length of paid maternity and parental leave available to mothers,C1,Family policies,2017,,43,,A,Normal value,0,Units,WK,Weeks,,,1,One,_Z,Not applicable
DATAFLOW,OECD.WISE.CWB:DSD_CWB@DF_CWB(1.0),Child well-being,I,GRC,Greece,C1_5,Total length of paid paternity and parental leave reserved for fathers,C1,Family policies,2021,,0.4,,A,Normal value,0,Units,WK,Weeks,,,1,One,_Z,Not applicable
DATAFLOW,OECD.WISE.CWB:DSD_CWB@DF_CWB(1.0),Child well-being,I,GRC,Greece,C1_5,Total length of paid paternity and parental leave reserved for fathers,C1,Family policies,2020,,0.4,,A,Normal value,0,Units,WK,Weeks,,,1,One,_Z,Not applicable
DATAFLOW,OECD.WISE.CWB:DSD_CWB@DF_CWB(1.0),Child well-being,I,HUN,Hungary,C1_5,Total length of paid paternity and parental leave reserved for fathers,C1,Family policies,2018,,1,,A,Normal value,0,Units,WK,Weeks,,,1,One,_Z,Not applicable
DATAFLOW,OECD.WISE.CWB:DSD_CWB@DF_CWB(1.0),Child well-being,I,HUN,Hungary,C1_5,Total length of paid paternity and parental leave reserved for fathers,C1,Family policies,2017,,1,,A,Normal value,0,Units,WK,Weeks,,,1,One,_Z,Not applicable
DATAFLOW,OECD.WISE.CWB:DSD_CWB@DF_CWB(1.0),Child well-being,I,HUN,Hungary,C1_4,Total length of paid maternity and parental leave available to mothers,C1,Family policies,2021,,160,,A,Normal value,0,Units,WK,Weeks,,,1,One,_Z,Not applicable
DATAFLOW,OECD.WISE.CWB:DSD_CWB@DF_CWB(1.0),Child well-being,I,HUN,Hungary,C1_4,Total length of paid maternity and parental leave available to mothers,C1,Family policies,2020,,160,,A,Normal value,0,Units,WK,Weeks,,,1,One,_Z,Not applicable
DATAFLOW,OECD.WISE.CWB:DSD_CWB@DF_CWB(1.0),Child well-being,I,HUN,Hungary,C1_4,Total length of paid maternity and parental leave available to mothers,C1,Family policies,2019,,160,,A,Normal value,0,Units,WK,Weeks,,,1,One,_Z,Not applicable
DATAFLOW,OECD.WISE.CWB:DSD_CWB@DF_CWB(1.0),Child well-being,I,HUN,Hungary,C1_4,Total length of paid maternity and parental leave available to mothers,C1,Family policies,2018,,160,,A,Normal value,0,Units,WK,Weeks,,,1,One,_Z,Not applicable
DATAFLOW,OECD.WISE.CWB:DSD_CWB@DF_CWB(1.0),Child well-being,I,HUN,Hungary,C1_4,Total length of paid maternity and parental leave available to mothers,C1,Family policies,2017,,160,,A,Normal value,0,Units,WK,Weeks,,,1,One,_Z,Not applicable
DATAFLOW,OECD.WISE.CWB:DSD_CWB@DF_CWB(1.0),Child well-being,I,HUN,Hungary,C1_5,Total length of paid paternity and parental leave reserved for fathers,C1,Family policies,2021,,1,,A,Normal value,0,Units,WK,Weeks,,,1,One,_Z,Not applicable
DATAFLOW,OECD.WISE.CWB:DSD_CWB@DF_CWB(1.0),Child well-being,I,HUN,Hungary,C1_5,Total length of paid paternity and parental leave reserved for fathers,C1,Family policies,2020,,1,,A,Normal value,0,Units,WK,Weeks,,,1,One,_Z,Not applicable
DATAFLOW,OECD.WISE.CWB:DSD_CWB@DF_CWB(1.0),Child well-being,I,ISL,Iceland,C1_5,Total length of paid paternity and parental leave reserved for fathers,C1,Family policies,2018,,13,,A,Normal value,0,Units,WK,Weeks,,,1,One,_Z,Not applicable
DATAFLOW,OECD.WISE.CWB:DSD_CWB@DF_CWB(1.0),Child well-being,I,ISL,Iceland,C1_5,Total length of paid paternity and parental leave reserved for fathers,C1,Family policies,2017,,13,,A,Normal value,0,Units,WK,Weeks,,,1,One,_Z,Not applicable
DATAFLOW,OECD.WISE.CWB:DSD_CWB@DF_CWB(1.0),Child well-being,I,ISL,Iceland,C1_4,Total length of paid maternity and parental leave available to mothers,C1,Family policies,2021,,32,,A,Normal value,0,Units,WK,Weeks,,,1,One,_Z,Not applicable
DATAFLOW,OECD.WISE.CWB:DSD_CWB@DF_CWB(1.0),Child well-being,I,ISL,Iceland,C1_4,Total length of paid maternity and parental leave available to mothers,C1,Family policies,2020,,26,,A,Normal value,0,Units,WK,Weeks,,,1,One,_Z,Not applicable
DATAFLOW,OECD.WISE.CWB:DSD_CWB@DF_CWB(1.0),Child well-being,I,ISL,Iceland,C1_4,Total length of paid maternity and parental leave available to mothers,C1,Family policies,2019,,26,,A,Normal value,0,Units,WK,Weeks,,,1,One,_Z,Not applicable
DATAFLOW,OECD.WISE.CWB:DSD_CWB@DF_CWB(1.0),Child well-being,I,ISL,Iceland,C1_4,Total length of paid maternity and parental leave available to mothers,C1,Family policies,2018,,26,,A,Normal value,0,Units,WK,Weeks,,,1,One,_Z,Not applicable
DATAFLOW,OECD.WISE.CWB:DSD_CWB@DF_CWB(1.0),Child well-being,I,ISL,Iceland,C1_4,Total length of paid maternity and parental leave available to mothers,C1,Family policies,2017,,26,,A,Normal value,0,Units,WK,Weeks,,,1,One,_Z,Not applicable
DATAFLOW,OECD.WISE.CWB:DSD_CWB@DF_CWB(1.0),Child well-being,I,ISL,Iceland,C1_5,Total length of paid paternity and parental leave reserved for fathers,C1,Family policies,2021,,20,,A,Normal value,0,Units,WK,Weeks,,,1,One,_Z,Not applicable
DATAFLOW,OECD.WISE.CWB:DSD_CWB@DF_CWB(1.0),Child well-being,I,ISL,Iceland,C1_5,Total length of paid paternity and parental leave reserved for fathers,C1,Family policies,2020,,17.3,,A,Normal value,0,Units,WK,Weeks,,,1,One,_Z,Not applicable
DATAFLOW,OECD.WISE.CWB:DSD_CWB@DF_CWB(1.0),Child well-being,I,IRL,Ireland,C1_5,Total length of paid paternity and parental leave reserved for fathers,C1,Family policies,2021,,7,,A,Normal value,0,Units,WK,Weeks,,,1,One,_Z,Not applicable
DATAFLOW,OECD.WISE.CWB:DSD_CWB@DF_CWB(1.0),Child well-being,I,IRL,Ireland,C1_5,Total length of paid paternity and parental leave reserved for fathers,C1,Family policies,2020,,4,,A,Normal value,0,Units,WK,Weeks,,,1,One,_Z,Not applicable
DATAFLOW,OECD.WISE.CWB:DSD_CWB@DF_CWB(1.0),Child well-being,I,IRL,Ireland,C1_4,Total length of paid maternity and parental leave available to mothers,C1,Family policies,2021,,31,,A,Normal value,0,Units,WK,Weeks,,,1,One,_Z,Not applicable
DATAFLOW,OECD.WISE.CWB:DSD_CWB@DF_CWB(1.0),Child well-being,I,IRL,Ireland,C1_4,Total length of paid maternity and parental leave available to mothers,C1,Family policies,2020,,28,,A,Normal value,0,Units,WK,Weeks,,,1,One,_Z,Not applicable
DATAFLOW,OECD.WISE.CWB:DSD_CWB@DF_CWB(1.0),Child well-being,I,IRL,Ireland,C1_4,Total length of paid maternity and parental leave available to mothers,C1,Family policies,2019,,26,,A,Normal value,0,Units,WK,Weeks,,,1,One,_Z,Not applicable
DATAFLOW,OECD.WISE.CWB:DSD_CWB@DF_CWB(1.0),Child well-being,I,IRL,Ireland,C1_4,Total length of paid maternity and parental leave available to mothers,C1,Family policies,2018,,26,,A,Normal value,0,Units,WK,Weeks,,,1,One,_Z,Not applicable
DATAFLOW,OECD.WISE.CWB:DSD_CWB@DF_CWB(1.0),Child well-being,I,IRL,Ireland,C1_4,Total length of paid maternity and parental leave available to mothers,C1,Family policies,2017,,26,,A,Normal value,0,Units,WK,Weeks,,,1,One,_Z,Not applicable
DATAFLOW,OECD.WISE.CWB:DSD_CWB@DF_CWB(1.0),Child well-being,I,IRL,Ireland,C1_5,Total length of paid paternity and parental leave reserved for fathers,C1,Family policies,2019,,2,,A,Normal value,0,Units,WK,Weeks,,,1,One,_Z,Not applicable
DATAFLOW,OECD.WISE.CWB:DSD_CWB@DF_CWB(1.0),Child well-being,I,IRL,Ireland,C1_5,Total length of paid paternity and parental leave reserved for fathers,C1,Family policies,2018,,2,,A,Normal value,0,Units,WK,Weeks,,,1,One,_Z,Not applicable
DATAFLOW,OECD.WISE.CWB:DSD_CWB@DF_CWB(1.0),Child well-being,I,ISR,Israel,C1_4,Total length of paid maternity and parental leave available to mothers,C1,Family policies,2018,,15,,A,Normal value,0,Units,WK,Weeks,,,1,One,_Z,Not applicable
DATAFLOW,OECD.WISE.CWB:DSD_CWB@DF_CWB(1.0),Child well-being,I,ISR,Israel,C1_4,Total length of paid maternity and parental leave available to mothers,C1,Family policies,2017,,15,,A,Normal value,0,Units,WK,Weeks,,,1,One,_Z,Not applicable
DATAFLOW,OECD.WISE.CWB:DSD_CWB@DF_CWB(1.0),Child well-being,I,ISR,Israel,C1_5,Total length of paid paternity and parental leave reserved for fathers,C1,Family policies,2021,,0,,A,Normal value,0,Units,WK,Weeks,,,1,One,_Z,Not applicable
DATAFLOW,OECD.WISE.CWB:DSD_CWB@DF_CWB(1.0),Child well-being,I,ISR,Israel,C1_5,Total length of paid paternity and parental leave reserved for fathers,C1,Family policies,2020,,0,,A,Normal value,0,Units,WK,Weeks,,,1,One,_Z,Not applicable
DATAFLOW,OECD.WISE.CWB:DSD_CWB@DF_CWB(1.0),Child well-being,I,ISR,Israel,C1_5,Total length of paid paternity and parental leave reserved for fathers,C1,Family policies,2019,,0,,A,Normal value,0,Units,WK,Weeks,,,1,One,_Z,Not applicable
DATAFLOW,OECD.WISE.CWB:DSD_CWB@DF_CWB(1.0),Child well-being,I,ISR,Israel,C1_5,Total length of paid paternity and parental leave reserved for fathers,C1,Family policies,2018,,0,,A,Normal value,0,Units,WK,Weeks,,,1,One,_Z,Not applicable
DATAFLOW,OECD.WISE.CWB:DSD_CWB@DF_CWB(1.0),Child well-being,I,ISR,Israel,C1_5,Total length of paid paternity and parental leave reserved for fathers,C1,Family policies,2017,,0,,A,Normal value,0,Units,WK,Weeks,,,1,One,_Z,Not applicable
DATAFLOW,OECD.WISE.CWB:DSD_CWB@DF_CWB(1.0),Child well-being,I,ISR,Israel,C1_4,Total length of paid maternity and parental leave available to mothers,C1,Family policies,2021,,15,,A,Normal value,0,Units,WK,Weeks,,,1,One,_Z,Not applicable
DATAFLOW,OECD.WISE.CWB:DSD_CWB@DF_CWB(1.0),Child well-being,I,ISR,Israel,C1_4,Total length of paid maternity and parental leave available to mothers,C1,Family policies,2020,,15,,A,Normal value,0,Units,WK,Weeks,,,1,One,_Z,Not applicable
DATAFLOW,OECD.WISE.CWB:DSD_CWB@DF_CWB(1.0),Child well-being,I,ITA,Italy,C1_5,Total length of paid paternity and parental leave reserved for fathers,C1,Family policies,2018,,0.8,,A,Normal value,0,Units,WK,Weeks,,,1,One,_Z,Not applicable
DATAFLOW,OECD.WISE.CWB:DSD_CWB@DF_CWB(1.0),Child well-being,I,ITA,Italy,C1_5,Total length of paid paternity and parental leave reserved for fathers,C1,Family policies,2017,,0.4,,A,Normal value,0,Units,WK,Weeks,,,1,One,_Z,Not applicable
DATAFLOW,OECD.WISE.CWB:DSD_CWB@DF_CWB(1.0),Child well-being,I,ITA,Italy,C1_4,Total length of paid maternity and parental leave available to mothers,C1,Family policies,2021,,47.7,,A,Normal value,0,Units,WK,Weeks,,,1,One,_Z,Not applicable
DATAFLOW,OECD.WISE.CWB:DSD_CWB@DF_CWB(1.0),Child well-being,I,ITA,Italy,C1_4,Total length of paid maternity and parental leave available to mothers,C1,Family policies,2020,,47.7,,A,Normal value,0,Units,WK,Weeks,,,1,One,_Z,Not applicable
DATAFLOW,OECD.WISE.CWB:DSD_CWB@DF_CWB(1.0),Child well-being,I,ITA,Italy,C1_4,Total length of paid maternity and parental leave available to mothers,C1,Family policies,2019,,47.7,,A,Normal value,0,Units,WK,Weeks,,,1,One,_Z,Not applicable
DATAFLOW,OECD.WISE.CWB:DSD_CWB@DF_CWB(1.0),Child well-being,I,ITA,Italy,C1_4,Total length of paid maternity and parental leave available to mothers,C1,Family policies,2018,,47.7,,A,Normal value,0,Units,WK,Weeks,,,1,One,_Z,Not applicable
DATAFLOW,OECD.WISE.CWB:DSD_CWB@DF_CWB(1.0),Child well-being,I,ITA,Italy,C1_4,Total length of paid maternity and parental leave available to mothers,C1,Family policies,2017,,47.7,,A,Normal value,0,Units,WK,Weeks,,,1,One,_Z,Not applicable
DATAFLOW,OECD.WISE.CWB:DSD_CWB@DF_CWB(1.0),Child well-being,I,ITA,Italy,C1_5,Total length of paid paternity and parental leave reserved for fathers,C1,Family policies,2021,,0.8,,A,Normal value,0,Units,WK,Weeks,,,1,One,_Z,Not applicable
DATAFLOW,OECD.WISE.CWB:DSD_CWB@DF_CWB(1.0),Child well-being,I,ITA,Italy,C1_5,Total length of paid paternity and parental leave reserved for fathers,C1,Family policies,2020,,0.8,,A,Normal value,0,Units,WK,Weeks,,,1,One,_Z,Not applicable
DATAFLOW,OECD.WISE.CWB:DSD_CWB@DF_CWB(1.0),Child well-being,I,JPN,Japan,C1_5,Total length of paid paternity and parental leave reserved for fathers,C1,Family policies,2018,,52,,A,Normal value,0,Units,WK,Weeks,,,1,One,_Z,Not applicable
DATAFLOW,OECD.WISE.CWB:DSD_CWB@DF_CWB(1.0),Child well-being,I,JPN,Japan,C1_5,Total length of paid paternity and parental leave reserved for fathers,C1,Family policies,2017,,52,,A,Normal value,0,Units,WK,Weeks,,,1,One,_Z,Not applicable
DATAFLOW,OECD.WISE.CWB:DSD_CWB@DF_CWB(1.0),Child well-being,I,JPN,Japan,C1_4,Total length of paid maternity and parental leave available to mothers,C1,Family policies,2021,,58,,A,Normal value,0,Units,WK,Weeks,,,1,One,_Z,Not applicable
DATAFLOW,OECD.WISE.CWB:DSD_CWB@DF_CWB(1.0),Child well-being,I,JPN,Japan,C1_4,Total length of paid maternity and parental leave available to mothers,C1,Family policies,2020,,58,,A,Normal value,0,Units,WK,Weeks,,,1,One,_Z,Not applicable
DATAFLOW,OECD.WISE.CWB:DSD_CWB@DF_CWB(1.0),Child well-being,I,JPN,Japan,C1_4,Total length of paid maternity and parental leave available to mothers,C1,Family policies,2019,,58,,A,Normal value,0,Units,WK,Weeks,,,1,One,_Z,Not applicable
DATAFLOW,OECD.WISE.CWB:DSD_CWB@DF_CWB(1.0),Child well-being,I,JPN,Japan,C1_4,Total length of paid maternity and parental leave available to mothers,C1,Family policies,2018,,58,,A,Normal value,0,Units,WK,Weeks,,,1,One,_Z,Not applicable
DATAFLOW,OECD.WISE.CWB:DSD_CWB@DF_CWB(1.0),Child well-being,I,JPN,Japan,C1_4,Total length of paid maternity and parental leave available to mothers,C1,Family policies,2017,,58,,A,Normal value,0,Units,WK,Weeks,,,1,One,_Z,Not applicable
DATAFLOW,OECD.WISE.CWB:DSD_CWB@DF_CWB(1.0),Child well-being,I,JPN,Japan,C1_5,Total length of paid paternity and parental leave reserved for fathers,C1,Family policies,2021,,52,,A,Normal value,0,Units,WK,Weeks,,,1,One,_Z,Not applicable
DATAFLOW,OECD.WISE.CWB:DSD_CWB@DF_CWB(1.0),Child well-being,I,JPN,Japan,C1_5,Total length of paid paternity and parental leave reserved for fathers,C1,Family policies,2020,,52,,A,Normal value,0,Units,WK,Weeks,,,1,One,_Z,Not applicable
DATAFLOW,OECD.WISE.CWB:DSD_CWB@DF_CWB(1.0),Child well-being,I,KOR,Korea,C1_5,Total length of paid paternity and parental leave reserved for fathers,C1,Family policies,2018,,52.6,,A,Normal value,0,Units,WK,Weeks,,,1,One,_Z,Not applicable
DATAFLOW,OECD.WISE.CWB:DSD_CWB@DF_CWB(1.0),Child well-being,I,KOR,Korea,C1_5,Total length of paid paternity and parental leave reserved for fathers,C1,Family policies,2017,,52.6,,A,Normal value,0,Units,WK,Weeks,,,1,One,_Z,Not applicable
DATAFLOW,OECD.WISE.CWB:DSD_CWB@DF_CWB(1.0),Child well-being,I,KOR,Korea,C1_4,Total length of paid maternity and parental leave available to mothers,C1,Family policies,2021,,64.9,,A,Normal value,0,Units,WK,Weeks,,,1,One,_Z,Not applicable
DATAFLOW,OECD.WISE.CWB:DSD_CWB@DF_CWB(1.0),Child well-being,I,KOR,Korea,C1_4,Total length of paid maternity and parental leave available to mothers,C1,Family policies,2020,,64.9,,A,Normal value,0,Units,WK,Weeks,,,1,One,_Z,Not applicable
DATAFLOW,OECD.WISE.CWB:DSD_CWB@DF_CWB(1.0),Child well-being,I,AUS,Australia,C1_5,Total length of paid paternity and parental leave reserved for fathers,C1,Family policies,2018,,2,,A,Normal value,0,Units,WK,Weeks,,,1,One,_Z,Not applicable
DATAFLOW,OECD.WISE.CWB:DSD_CWB@DF_CWB(1.0),Child well-being,I,AUS,Australia,C1_5,Total length of paid paternity and parental leave reserved for fathers,C1,Family policies,2017,,2,,A,Normal value,0,Units,WK,Weeks,,,1,One,_Z,Not applicable
DATAFLOW,OECD.WISE.CWB:DSD_CWB@DF_CWB(1.0),Child well-being,I,AUS,Australia,C1_4,Total length of paid maternity and parental leave available to mothers,C1,Family policies,2021,,18,,A,Normal value,0,Units,WK,Weeks,,,1,One,_Z,Not applicable
DATAFLOW,OECD.WISE.CWB:DSD_CWB@DF_CWB(1.0),Child well-being,I,CHL,Chile,C1_5,Total length of paid paternity and parental leave reserved for fathers,C1,Family policies,2021,,1,,A,Normal value,0,Units,WK,Weeks,,,1,One,_Z,Not applicable
DATAFLOW,OECD.WISE.CWB:DSD_CWB@DF_CWB(1.0),Child well-being,I,CHL,Chile,C1_5,Total length of paid paternity and parental leave reserved for fathers,C1,Family policies,2020,,1,,A,Normal value,0,Units,WK,Weeks,,,1,One,_Z,Not applicable
DATAFLOW,OECD.WISE.CWB:DSD_CWB@DF_CWB(1.0),Child well-being,I,MEX,Mexico,C1_4,Total length of paid maternity and parental leave available to mothers,C1,Family policies,2021,,12,,A,Normal value,0,Units,WK,Weeks,,,1,One,_Z,Not applicable
DATAFLOW,OECD.WISE.CWB:DSD_CWB@DF_CWB(1.0),Child well-being,I,MEX,Mexico,C1_4,Total length of paid maternity and parental leave available to mothers,C1,Family policies,2020,,12,,A,Normal value,0,Units,WK,Weeks,,,1,One,_Z,Not applicable
DATAFLOW,OECD.WISE.CWB:DSD_CWB@DF_CWB(1.0),Child well-being,I,MEX,Mexico,C1_4,Total length of paid maternity and parental leave available to mothers,C1,Family policies,2019,,12,,A,Normal value,0,Units,WK,Weeks,,,1,One,_Z,Not applicable
DATAFLOW,OECD.WISE.CWB:DSD_CWB@DF_CWB(1.0),Child well-being,I,MEX,Mexico,C1_4,Total length of paid maternity and parental leave available to mothers,C1,Family policies,2018,,12,,A,Normal value,0,Units,WK,Weeks,,,1,One,_Z,Not applicable
DATAFLOW,OECD.WISE.CWB:DSD_CWB@DF_CWB(1.0),Child well-being,I,MEX,Mexico,C1_4,Total length of paid maternity and parental leave available to mothers,C1,Family policies,2017,,12,,A,Normal value,0,Units,WK,Weeks,,,1,One,_Z,Not applicable
DATAFLOW,OECD.WISE.CWB:DSD_CWB@DF_CWB(1.0),Child well-being,I,MEX,Mexico,C1_5,Total length of paid paternity and parental leave reserved for fathers,C1,Family policies,2021,,1,,A,Normal value,0,Units,WK,Weeks,,,1,One,_Z,Not applicable
DATAFLOW,OECD.WISE.CWB:DSD_CWB@DF_CWB(1.0),Child well-being,I,MEX,Mexico,C1_5,Total length of paid paternity and parental leave reserved for fathers,C1,Family policies,2020,,1,,A,Normal value,0,Units,WK,Weeks,,,1,One,_Z,Not applicable
DATAFLOW,OECD.WISE.CWB:DSD_CWB@DF_CWB(1.0),Child well-being,I,NLD,Netherlands,C1_5,Total length of paid paternity and parental leave reserved for fathers,C1,Family policies,2018,,0.4,,A,Normal value,0,Units,WK,Weeks,,,1,One,_Z,Not applicable
DATAFLOW,OECD.WISE.CWB:DSD_CWB@DF_CWB(1.0),Child well-being,I,NLD,Netherlands,C1_5,Total length of paid paternity and parental leave reserved for fathers,C1,Family policies,2017,,0.4,,A,Normal value,0,Units,WK,Weeks,,,1,One,_Z,Not applicable
DATAFLOW,OECD.WISE.CWB:DSD_CWB@DF_CWB(1.0),Child well-being,I,NLD,Netherlands,C1_4,Total length of paid maternity and parental leave available to mothers,C1,Family policies,2021,,16,,A,Normal value,0,Units,WK,Weeks,,,1,One,_Z,Not applicable
DATAFLOW,OECD.WISE.CWB:DSD_CWB@DF_CWB(1.0),Child well-being,I,NLD,Netherlands,C1_4,Total length of paid maternity and parental leave available to mothers,C1,Family policies,2020,,16,,A,Normal value,0,Units,WK,Weeks,,,1,One,_Z,Not applicable
DATAFLOW,OECD.WISE.CWB:DSD_CWB@DF_CWB(1.0),Child well-being,I,NLD,Netherlands,C1_4,Total length of paid maternity and parental leave available to mothers,C1,Family policies,2019,,16,,A,Normal value,0,Units,WK,Weeks,,,1,One,_Z,Not applicable
DATAFLOW,OECD.WISE.CWB:DSD_CWB@DF_CWB(1.0),Child well-being,I,NLD,Netherlands,C1_4,Total length of paid maternity and parental leave available to mothers,C1,Family policies,2018,,16,,A,Normal value,0,Units,WK,Weeks,,,1,One,_Z,Not applicable
DATAFLOW,OECD.WISE.CWB:DSD_CWB@DF_CWB(1.0),Child well-being,I,NLD,Netherlands,C1_4,Total length of paid maternity and parental leave available to mothers,C1,Family policies,2017,,16,,A,Normal value,0,Units,WK,Weeks,,,1,One,_Z,Not applicable
DATAFLOW,OECD.WISE.CWB:DSD_CWB@DF_CWB(1.0),Child well-being,I,NLD,Netherlands,C1_5,Total length of paid paternity and parental leave reserved for fathers,C1,Family policies,2021,,6,,A,Normal value,0,Units,WK,Weeks,,,1,One,_Z,Not applicable
DATAFLOW,OECD.WISE.CWB:DSD_CWB@DF_CWB(1.0),Child well-being,I,NLD,Netherlands,C1_5,Total length of paid paternity and parental leave reserved for fathers,C1,Family policies,2020,,1,,A,Normal value,0,Units,WK,Weeks,,,1,One,_Z,Not applicable
DATAFLOW,OECD.WISE.CWB:DSD_CWB@DF_CWB(1.0),Child well-being,I,NZL,New Zealand,C1_4,Total length of paid maternity and parental leave available to mothers,C1,Family policies,2018,,18,,A,Normal value,0,Units,WK,Weeks,,,1,One,_Z,Not applicable
DATAFLOW,OECD.WISE.CWB:DSD_CWB@DF_CWB(1.0),Child well-being,I,NZL,New Zealand,C1_4,Total length of paid maternity and parental leave available to mothers,C1,Family policies,2017,,18,,A,Normal value,0,Units,WK,Weeks,,,1,One,_Z,Not applicable
DATAFLOW,OECD.WISE.CWB:DSD_CWB@DF_CWB(1.0),Child well-being,I,NZL,New Zealand,C1_5,Total length of paid paternity and parental leave reserved for fathers,C1,Family policies,2020,,0,,A,Normal value,0,Units,WK,Weeks,,,1,One,_Z,Not applicable
DATAFLOW,OECD.WISE.CWB:DSD_CWB@DF_CWB(1.0),Child well-being,I,NZL,New Zealand,C1_5,Total length of paid paternity and parental leave reserved for fathers,C1,Family policies,2019,,0,,A,Normal value,0,Units,WK,Weeks,,,1,One,_Z,Not applicable
DATAFLOW,OECD.WISE.CWB:DSD_CWB@DF_CWB(1.0),Child well-being,I,NZL,New Zealand,C1_5,Total length of paid paternity and parental leave reserved for fathers,C1,Family policies,2018,,0,,A,Normal value,0,Units,WK,Weeks,,,1,One,_Z,Not applicable
DATAFLOW,OECD.WISE.CWB:DSD_CWB@DF_CWB(1.0),Child well-being,I,NZL,New Zealand,C1_5,Total length of paid paternity and parental leave reserved for fathers,C1,Family policies,2017,,0,,A,Normal value,0,Units,WK,Weeks,,,1,One,_Z,Not applicable
DATAFLOW,OECD.WISE.CWB:DSD_CWB@DF_CWB(1.0),Child well-being,I,NZL,New Zealand,C1_4,Total length of paid maternity and parental leave available to mothers,C1,Family policies,2021,,26,,A,Normal value,0,Units,WK,Weeks,,,1,One,_Z,Not applicable
DATAFLOW,OECD.WISE.CWB:DSD_CWB@DF_CWB(1.0),Child well-being,I,NZL,New Zealand,C1_4,Total length of paid maternity and parental leave available to mothers,C1,Family policies,2020,,22,,A,Normal value,0,Units,WK,Weeks,,,1,One,_Z,Not applicable
DATAFLOW,OECD.WISE.CWB:DSD_CWB@DF_CWB(1.0),Child well-being,I,NOR,Norway,C1_5,Total length of paid paternity and parental leave reserved for fathers,C1,Family policies,2018,,10,,A,Normal value,0,Units,WK,Weeks,,,1,One,_Z,Not applicable
DATAFLOW,OECD.WISE.CWB:DSD_CWB@DF_CWB(1.0),Child well-being,I,NOR,Norway,C1_5,Total length of paid paternity and parental leave reserved for fathers,C1,Family policies,2017,,10,,A,Normal value,0,Units,WK,Weeks,,,1,One,_Z,Not applicable
DATAFLOW,OECD.WISE.CWB:DSD_CWB@DF_CWB(1.0),Child well-being,I,NOR,Norway,C1_4,Total length of paid maternity and parental leave available to mothers,C1,Family policies,2021,,86,,A,Normal value,0,Units,WK,Weeks,,,1,One,_Z,Not applicable
DATAFLOW,OECD.WISE.CWB:DSD_CWB@DF_CWB(1.0),Child well-being,I,NOR,Norway,C1_4,Total length of paid maternity and parental leave available to mothers,C1,Family policies,2020,,86,,A,Normal value,0,Units,WK,Weeks,,,1,One,_Z,Not applicable
DATAFLOW,OECD.WISE.CWB:DSD_CWB@DF_CWB(1.0),Child well-being,I,NOR,Norway,C1_4,Total length of paid maternity and parental leave available to mothers,C1,Family policies,2019,,86,,A,Normal value,0,Units,WK,Weeks,,,1,One,_Z,Not applicable
DATAFLOW,OECD.WISE.CWB:DSD_CWB@DF_CWB(1.0),Child well-being,I,NOR,Norway,C1_4,Total length of paid maternity and parental leave available to mothers,C1,Family policies,2018,,91,,A,Normal value,0,Units,WK,Weeks,,,1,One,_Z,Not applicable
DATAFLOW,OECD.WISE.CWB:DSD_CWB@DF_CWB(1.0),Child well-being,I,NOR,Norway,C1_4,Total length of paid maternity and parental leave available to mothers,C1,Family policies,2017,,91,,A,Normal value,0,Units,WK,Weeks,,,1,One,_Z,Not applicable
DATAFLOW,OECD.WISE.CWB:DSD_CWB@DF_CWB(1.0),Child well-being,I,NOR,Norway,C1_5,Total length of paid paternity and parental leave reserved for fathers,C1,Family policies,2021,,15,,A,Normal value,0,Units,WK,Weeks,,,1,One,_Z,Not applicable
DATAFLOW,OECD.WISE.CWB:DSD_CWB@DF_CWB(1.0),Child well-being,I,NOR,Norway,C1_5,Total length of paid paternity and parental leave reserved for fathers,C1,Family policies,2020,,15,,A,Normal value,0,Units,WK,Weeks,,,1,One,_Z,Not applicable
DATAFLOW,OECD.WISE.CWB:DSD_CWB@DF_CWB(1.0),Child well-being,I,POL,Poland,C1_5,Total length of paid paternity and parental leave reserved for fathers,C1,Family policies,2018,,2,,A,Normal value,0,Units,WK,Weeks,,,1,One,_Z,Not applicable
DATAFLOW,OECD.WISE.CWB:DSD_CWB@DF_CWB(1.0),Child well-being,I,POL,Poland,C1_5,Total length of paid paternity and parental leave reserved for fathers,C1,Family policies,2017,,2,,A,Normal value,0,Units,WK,Weeks,,,1,One,_Z,Not applicable
DATAFLOW,OECD.WISE.CWB:DSD_CWB@DF_CWB(1.0),Child well-being,I,POL,Poland,C1_4,Total length of paid maternity and parental leave available to mothers,C1,Family policies,2021,,52,,A,Normal value,0,Units,WK,Weeks,,,1,One,_Z,Not applicable
DATAFLOW,OECD.WISE.CWB:DSD_CWB@DF_CWB(1.0),Child well-being,I,POL,Poland,C1_4,Total length of paid maternity and parental leave available to mothers,C1,Family policies,2020,,52,,A,Normal value,0,Units,WK,Weeks,,,1,One,_Z,Not applicable
DATAFLOW,OECD.WISE.CWB:DSD_CWB@DF_CWB(1.0),Child well-being,I,POL,Poland,C1_4,Total length of paid maternity and parental leave available to mothers,C1,Family policies,2019,,52,,A,Normal value,0,Units,WK,Weeks,,,1,One,_Z,Not applicable
DATAFLOW,OECD.WISE.CWB:DSD_CWB@DF_CWB(1.0),Child well-being,I,POL,Poland,C1_4,Total length of paid maternity and parental leave available to mothers,C1,Family policies,2018,,52,,A,Normal value,0,Units,WK,Weeks,,,1,One,_Z,Not applicable
DATAFLOW,OECD.WISE.CWB:DSD_CWB@DF_CWB(1.0),Child well-being,I,POL,Poland,C1_4,Total length of paid maternity and parental leave available to mothers,C1,Family policies,2017,,52,,A,Normal value,0,Units,WK,Weeks,,,1,One,_Z,Not applicable
DATAFLOW,OECD.WISE.CWB:DSD_CWB@DF_CWB(1.0),Child well-being,I,POL,Poland,C1_5,Total length of paid paternity and parental leave reserved for fathers,C1,Family policies,2021,,2,,A,Normal value,0,Units,WK,Weeks,,,1,One,_Z,Not applicable
DATAFLOW,OECD.WISE.CWB:DSD_CWB@DF_CWB(1.0),Child well-being,I,POL,Poland,C1_5,Total length of paid paternity and parental leave reserved for fathers,C1,Family policies,2020,,2,,A,Normal value,0,Units,WK,Weeks,,,1,One,_Z,Not applicable
DATAFLOW,OECD.WISE.CWB:DSD_CWB@DF_CWB(1.0),Child well-being,I,PRT,Portugal,C1_5,Total length of paid paternity and parental leave reserved for fathers,C1,Family policies,2018,,22.3,,A,Normal value,0,Units,WK,Weeks,,,1,One,_Z,Not applicable
DATAFLOW,OECD.WISE.CWB:DSD_CWB@DF_CWB(1.0),Child well-being,I,PRT,Portugal,C1_5,Total length of paid paternity and parental leave reserved for fathers,C1,Family policies,2017,,22.3,,A,Normal value,0,Units,WK,Weeks,,,1,One,_Z,Not applicable
DATAFLOW,OECD.WISE.CWB:DSD_CWB@DF_CWB(1.0),Child well-being,I,PRT,Portugal,C1_4,Total length of paid maternity and parental leave available to mothers,C1,Family policies,2021,,30.1,,A,Normal value,0,Units,WK,Weeks,,,1,One,_Z,Not applicable
DATAFLOW,OECD.WISE.CWB:DSD_CWB@DF_CWB(1.0),Child well-being,I,PRT,Portugal,C1_4,Total length of paid maternity and parental leave available to mothers,C1,Family policies,2020,,30.1,,A,Normal value,0,Units,WK,Weeks,,,1,One,_Z,Not applicable
DATAFLOW,OECD.WISE.CWB:DSD_CWB@DF_CWB(1.0),Child well-being,I,PRT,Portugal,C1_4,Total length of paid maternity and parental leave available to mothers,C1,Family policies,2019,,30.1,,A,Normal value,0,Units,WK,Weeks,,,1,One,_Z,Not applicable
DATAFLOW,OECD.WISE.CWB:DSD_CWB@DF_CWB(1.0),Child well-being,I,PRT,Portugal,C1_4,Total length of paid maternity and parental leave available to mothers,C1,Family policies,2018,,30.1,,A,Normal value,0,Units,WK,Weeks,,,1,One,_Z,Not applicable
DATAFLOW,OECD.WISE.CWB:DSD_CWB@DF_CWB(1.0),Child well-being,I,PRT,Portugal,C1_4,Total length of paid maternity and parental leave available to mothers,C1,Family policies,2017,,30.1,,A,Normal value,0,Units,WK,Weeks,,,1,One,_Z,Not applicable
DATAFLOW,OECD.WISE.CWB:DSD_CWB@DF_CWB(1.0),Child well-being,I,PRT,Portugal,C1_5,Total length of paid paternity and parental leave reserved for fathers,C1,Family policies,2021,,22.3,,A,Normal value,0,Units,WK,Weeks,,,1,One,_Z,Not applicable
DATAFLOW,OECD.WISE.CWB:DSD_CWB@DF_CWB(1.0),Child well-being,I,PRT,Portugal,C1_5,Total length of paid paternity and parental leave reserved for fathers,C1,Family policies,2020,,22.3,,A,Normal value,0,Units,WK,Weeks,,,1,One,_Z,Not applicable
DATAFLOW,OECD.WISE.CWB:DSD_CWB@DF_CWB(1.0),Child well-being,I,SVK,Slovak Republic,C1_4,Total length of paid maternity and parental leave available to mothers,C1,Family policies,2018,,164,,A,Normal value,0,Units,WK,Weeks,,,1,One,_Z,Not applicable
DATAFLOW,OECD.WISE.CWB:DSD_CWB@DF_CWB(1.0),Child well-being,I,SVK,Slovak Republic,C1_4,Total length of paid maternity and parental leave available to mothers,C1,Family policies,2017,,164,,A,Normal value,0,Units,WK,Weeks,,,1,One,_Z,Not applicable
DATAFLOW,OECD.WISE.CWB:DSD_CWB@DF_CWB(1.0),Child well-being,I,SVK,Slovak Republic,C1_5,Total length of paid paternity and parental leave reserved for fathers,C1,Family policies,2021,,0,,A,Normal value,0,Units,WK,Weeks,,,1,One,_Z,Not applicable
DATAFLOW,OECD.WISE.CWB:DSD_CWB@DF_CWB(1.0),Child well-being,I,SVK,Slovak Republic,C1_5,Total length of paid paternity and parental leave reserved for fathers,C1,Family policies,2020,,0,,A,Normal value,0,Units,WK,Weeks,,,1,One,_Z,Not applicable
DATAFLOW,OECD.WISE.CWB:DSD_CWB@DF_CWB(1.0),Child well-being,I,SVK,Slovak Republic,C1_5,Total length of paid paternity and parental leave reserved for fathers,C1,Family policies,2019,,0,,A,Normal value,0,Units,WK,Weeks,,,1,One,_Z,Not applicable
DATAFLOW,OECD.WISE.CWB:DSD_CWB@DF_CWB(1.0),Child well-being,I,SVK,Slovak Republic,C1_5,Total length of paid paternity and parental leave reserved for fathers,C1,Family policies,2018,,0,,A,Normal value,0,Units,WK,Weeks,,,1,One,_Z,Not applicable
DATAFLOW,OECD.WISE.CWB:DSD_CWB@DF_CWB(1.0),Child well-being,I,SVK,Slovak Republic,C1_5,Total length of paid paternity and parental leave reserved for fathers,C1,Family policies,2017,,0,,A,Normal value,0,Units,WK,Weeks,,,1,One,_Z,Not applicable
DATAFLOW,OECD.WISE.CWB:DSD_CWB@DF_CWB(1.0),Child well-being,I,SVK,Slovak Republic,C1_4,Total length of paid maternity and parental leave available to mothers,C1,Family policies,2021,,164,,A,Normal value,0,Units,WK,Weeks,,,1,One,_Z,Not applicable
DATAFLOW,OECD.WISE.CWB:DSD_CWB@DF_CWB(1.0),Child well-being,I,SVK,Slovak Republic,C1_4,Total length of paid maternity and parental leave available to mothers,C1,Family policies,2020,,164,,A,Normal value,0,Units,WK,Weeks,,,1,One,_Z,Not applicable
DATAFLOW,OECD.WISE.CWB:DSD_CWB@DF_CWB(1.0),Child well-being,I,SVN,Slovenia,C1_5,Total length of paid paternity and parental leave reserved for fathers,C1,Family policies,2018,,4.3,,A,Normal value,0,Units,WK,Weeks,,,1,One,_Z,Not applicable
DATAFLOW,OECD.WISE.CWB:DSD_CWB@DF_CWB(1.0),Child well-being,I,SVN,Slovenia,C1_5,Total length of paid paternity and parental leave reserved for fathers,C1,Family policies,2017,,3.6,,A,Normal value,0,Units,WK,Weeks,,,1,One,_Z,Not applicable
DATAFLOW,OECD.WISE.CWB:DSD_CWB@DF_CWB(1.0),Child well-being,I,SVN,Slovenia,C1_4,Total length of paid maternity and parental leave available to mothers,C1,Family policies,2021,,52.1,,A,Normal value,0,Units,WK,Weeks,,,1,One,_Z,Not applicable
DATAFLOW,OECD.WISE.CWB:DSD_CWB@DF_CWB(1.0),Child well-being,I,SVN,Slovenia,C1_4,Total length of paid maternity and parental leave available to mothers,C1,Family policies,2020,,52.1,,A,Normal value,0,Units,WK,Weeks,,,1,One,_Z,Not applicable
DATAFLOW,OECD.WISE.CWB:DSD_CWB@DF_CWB(1.0),Child well-being,I,SVN,Slovenia,C1_4,Total length of paid maternity and parental leave available to mothers,C1,Family policies,2019,,52.1,,A,Normal value,0,Units,WK,Weeks,,,1,One,_Z,Not applicable
DATAFLOW,OECD.WISE.CWB:DSD_CWB@DF_CWB(1.0),Child well-being,I,SVN,Slovenia,C1_4,Total length of paid maternity and parental leave available to mothers,C1,Family policies,2018,,52.1,,A,Normal value,0,Units,WK,Weeks,,,1,One,_Z,Not applicable
DATAFLOW,OECD.WISE.CWB:DSD_CWB@DF_CWB(1.0),Child well-being,I,SVN,Slovenia,C1_4,Total length of paid maternity and parental leave available to mothers,C1,Family policies,2017,,52.1,,A,Normal value,0,Units,WK,Weeks,,,1,One,_Z,Not applicable
DATAFLOW,OECD.WISE.CWB:DSD_CWB@DF_CWB(1.0),Child well-being,I,SVN,Slovenia,C1_5,Total length of paid paternity and parental leave reserved for fathers,C1,Family policies,2021,,4.3,,A,Normal value,0,Units,WK,Weeks,,,1,One,_Z,Not applicable
DATAFLOW,OECD.WISE.CWB:DSD_CWB@DF_CWB(1.0),Child well-being,I,SVN,Slovenia,C1_5,Total length of paid paternity and parental leave reserved for fathers,C1,Family policies,2020,,4.3,,A,Normal value,0,Units,WK,Weeks,,,1,One,_Z,Not applicable
DATAFLOW,OECD.WISE.CWB:DSD_CWB@DF_CWB(1.0),Child well-being,I,ESP,Spain,C1_5,Total length of paid paternity and parental leave reserved for fathers,C1,Family policies,2018,,4.3,,A,Normal value,0,Units,WK,Weeks,,,1,One,_Z,Not applicable
DATAFLOW,OECD.WISE.CWB:DSD_CWB@DF_CWB(1.0),Child well-being,I,ESP,Spain,C1_5,Total length of paid paternity and parental leave reserved for fathers,C1,Family policies,2017,,4.3,,A,Normal value,0,Units,WK,Weeks,,,1,One,_Z,Not applicable
DATAFLOW,OECD.WISE.CWB:DSD_CWB@DF_CWB(1.0),Child well-being,I,ESP,Spain,C1_4,Total length of paid maternity and parental leave available to mothers,C1,Family policies,2021,,16,,A,Normal value,0,Units,WK,Weeks,,,1,One,_Z,Not applicable
DATAFLOW,OECD.WISE.CWB:DSD_CWB@DF_CWB(1.0),Child well-being,I,ESP,Spain,C1_4,Total length of paid maternity and parental leave available to mothers,C1,Family policies,2020,,16,,A,Normal value,0,Units,WK,Weeks,,,1,One,_Z,Not applicable
DATAFLOW,OECD.WISE.CWB:DSD_CWB@DF_CWB(1.0),Child well-being,I,ESP,Spain,C1_4,Total length of paid maternity and parental leave available to mothers,C1,Family policies,2019,,16,,A,Normal value,0,Units,WK,Weeks,,,1,One,_Z,Not applicable
DATAFLOW,OECD.WISE.CWB:DSD_CWB@DF_CWB(1.0),Child well-being,I,ESP,Spain,C1_4,Total length of paid maternity and parental leave available to mothers,C1,Family policies,2018,,16,,A,Normal value,0,Units,WK,Weeks,,,1,One,_Z,Not applicable
DATAFLOW,OECD.WISE.CWB:DSD_CWB@DF_CWB(1.0),Child well-being,I,ESP,Spain,C1_4,Total length of paid maternity and parental leave available to mothers,C1,Family policies,2017,,16,,A,Normal value,0,Units,WK,Weeks,,,1,One,_Z,Not applicable
DATAFLOW,OECD.WISE.CWB:DSD_CWB@DF_CWB(1.0),Child well-being,I,ESP,Spain,C1_5,Total length of paid paternity and parental leave reserved for fathers,C1,Family policies,2021,,16,,A,Normal value,0,Units,WK,Weeks,,,1,One,_Z,Not applicable
DATAFLOW,OECD.WISE.CWB:DSD_CWB@DF_CWB(1.0),Child well-being,I,ESP,Spain,C1_5,Total length of paid paternity and parental leave reserved for fathers,C1,Family policies,2020,,12,,A,Normal value,0,Units,WK,Weeks,,,1,One,_Z,Not applicable
DATAFLOW,OECD.WISE.CWB:DSD_CWB@DF_CWB(1.0),Child well-being,I,SWE,Sweden,C1_5,Total length of paid paternity and parental leave reserved for fathers,C1,Family policies,2018,,14.3,,A,Normal value,0,Units,WK,Weeks,,,1,One,_Z,Not applicable
DATAFLOW,OECD.WISE.CWB:DSD_CWB@DF_CWB(1.0),Child well-being,I,SWE,Sweden,C1_5,Total length of paid paternity and parental leave reserved for fathers,C1,Family policies,2017,,14.3,,A,Normal value,0,Units,WK,Weeks,,,1,One,_Z,Not applicable
DATAFLOW,OECD.WISE.CWB:DSD_CWB@DF_CWB(1.0),Child well-being,I,SWE,Sweden,C1_4,Total length of paid maternity and parental leave available to mothers,C1,Family policies,2021,,55.7,,A,Normal value,0,Units,WK,Weeks,,,1,One,_Z,Not applicable
DATAFLOW,OECD.WISE.CWB:DSD_CWB@DF_CWB(1.0),Child well-being,I,SWE,Sweden,C1_4,Total length of paid maternity and parental leave available to mothers,C1,Family policies,2020,,55.7,,A,Normal value,0,Units,WK,Weeks,,,1,One,_Z,Not applicable
DATAFLOW,OECD.WISE.CWB:DSD_CWB@DF_CWB(1.0),Child well-being,I,SWE,Sweden,C1_4,Total length of paid maternity and parental leave available to mothers,C1,Family policies,2019,,55.7,,A,Normal value,0,Units,WK,Weeks,,,1,One,_Z,Not applicable
DATAFLOW,OECD.WISE.CWB:DSD_CWB@DF_CWB(1.0),Child well-being,I,SWE,Sweden,C1_4,Total length of paid maternity and parental leave available to mothers,C1,Family policies,2018,,55.7,,A,Normal value,0,Units,WK,Weeks,,,1,One,_Z,Not applicable
DATAFLOW,OECD.WISE.CWB:DSD_CWB@DF_CWB(1.0),Child well-being,I,SWE,Sweden,C1_4,Total length of paid maternity and parental leave available to mothers,C1,Family policies,2017,,55.7,,A,Normal value,0,Units,WK,Weeks,,,1,One,_Z,Not applicable
DATAFLOW,OECD.WISE.CWB:DSD_CWB@DF_CWB(1.0),Child well-being,I,SWE,Sweden,C1_5,Total length of paid paternity and parental leave reserved for fathers,C1,Family policies,2021,,14.3,,A,Normal value,0,Units,WK,Weeks,,,1,One,_Z,Not applicable
DATAFLOW,OECD.WISE.CWB:DSD_CWB@DF_CWB(1.0),Child well-being,I,SWE,Sweden,C1_5,Total length of paid paternity and parental leave reserved for fathers,C1,Family policies,2020,,14.3,,A,Normal value,0,Units,WK,Weeks,,,1,One,_Z,Not applicable
DATAFLOW,OECD.WISE.CWB:DSD_CWB@DF_CWB(1.0),Child well-being,I,CHE,Switzerland,C1_5,Total length of paid paternity and parental leave reserved for fathers,C1,Family policies,2020,,2,,A,Normal value,0,Units,WK,Weeks,,,1,One,_Z,Not applicable
DATAFLOW,OECD.WISE.CWB:DSD_CWB@DF_CWB(1.0),Child well-being,I,CHE,Switzerland,C1_5,Total length of paid paternity and parental leave reserved for fathers,C1,Family policies,2019,,2,,A,Normal value,0,Units,WK,Weeks,,,1,One,_Z,Not applicable
DATAFLOW,OECD.WISE.CWB:DSD_CWB@DF_CWB(1.0),Child well-being,I,CHE,Switzerland,C1_5,Total length of paid paternity and parental leave reserved for fathers,C1,Family policies,2018,,0,,A,Normal value,0,Units,WK,Weeks,,,1,One,_Z,Not applicable
DATAFLOW,OECD.WISE.CWB:DSD_CWB@DF_CWB(1.0),Child well-being,I,CHE,Switzerland,C1_5,Total length of paid paternity and parental leave reserved for fathers,C1,Family policies,2017,,0,,A,Normal value,0,Units,WK,Weeks,,,1,One,_Z,Not applicable
DATAFLOW,OECD.WISE.CWB:DSD_CWB@DF_CWB(1.0),Child well-being,I,CHE,Switzerland,C1_4,Total length of paid maternity and parental leave available to mothers,C1,Family policies,2021,,14,,A,Normal value,0,Units,WK,Weeks,,,1,One,_Z,Not applicable
DATAFLOW,OECD.WISE.CWB:DSD_CWB@DF_CWB(1.0),Child well-being,I,CHE,Switzerland,C1_4,Total length of paid maternity and parental leave available to mothers,C1,Family policies,2020,,14,,A,Normal value,0,Units,WK,Weeks,,,1,One,_Z,Not applicable
DATAFLOW,OECD.WISE.CWB:DSD_CWB@DF_CWB(1.0),Child well-being,I,CHE,Switzerland,C1_4,Total length of paid maternity and parental leave available to mothers,C1,Family policies,2019,,14,,A,Normal value,0,Units,WK,Weeks,,,1,One,_Z,Not applicable
DATAFLOW,OECD.WISE.CWB:DSD_CWB@DF_CWB(1.0),Child well-being,I,CHE,Switzerland,C1_4,Total length of paid maternity and parental leave available to mothers,C1,Family policies,2018,,14,,A,Normal value,0,Units,WK,Weeks,,,1,One,_Z,Not applicable
DATAFLOW,OECD.WISE.CWB:DSD_CWB@DF_CWB(1.0),Child well-being,I,CHE,Switzerland,C1_4,Total length of paid maternity and parental leave available to mothers,C1,Family policies,2017,,14,,A,Normal value,0,Units,WK,Weeks,,,1,One,_Z,Not applicable
DATAFLOW,OECD.WISE.CWB:DSD_CWB@DF_CWB(1.0),Child well-being,I,TUR,Türkiye,C1_5,Total length of paid paternity and parental leave reserved for fathers,C1,Family policies,2018,,1,,A,Normal value,0,Units,WK,Weeks,,,1,One,_Z,Not applicable
DATAFLOW,OECD.WISE.CWB:DSD_CWB@DF_CWB(1.0),Child well-being,I,TUR,Türkiye,C1_5,Total length of paid paternity and parental leave reserved for fathers,C1,Family policies,2017,,1,,A,Normal value,0,Units,WK,Weeks,,,1,One,_Z,Not applicable
DATAFLOW,OECD.WISE.CWB:DSD_CWB@DF_CWB(1.0),Child well-being,I,TUR,Türkiye,C1_4,Total length of paid maternity and parental leave available to mothers,C1,Family policies,2021,,16,,A,Normal value,0,Units,WK,Weeks,,,1,One,_Z,Not applicable
DATAFLOW,OECD.WISE.CWB:DSD_CWB@DF_CWB(1.0),Child well-being,I,TUR,Türkiye,C1_4,Total length of paid maternity and parental leave available to mothers,C1,Family policies,2020,,16,,A,Normal value,0,Units,WK,Weeks,,,1,One,_Z,Not applicable
DATAFLOW,OECD.WISE.CWB:DSD_CWB@DF_CWB(1.0),Child well-being,I,TUR,Türkiye,C1_4,Total length of paid maternity and parental leave available to mothers,C1,Family policies,2019,,16,,A,Normal value,0,Units,WK,Weeks,,,1,One,_Z,Not applicable
DATAFLOW,OECD.WISE.CWB:DSD_CWB@DF_CWB(1.0),Child well-being,I,TUR,Türkiye,C1_4,Total length of paid maternity and parental leave available to mothers,C1,Family policies,2018,,16,,A,Normal value,0,Units,WK,Weeks,,,1,One,_Z,Not applicable
DATAFLOW,OECD.WISE.CWB:DSD_CWB@DF_CWB(1.0),Child well-being,I,TUR,Türkiye,C1_4,Total length of paid maternity and parental leave available to mothers,C1,Family policies,2017,,16,,A,Normal value,0,Units,WK,Weeks,,,1,One,_Z,Not applicable
DATAFLOW,OECD.WISE.CWB:DSD_CWB@DF_CWB(1.0),Child well-being,I,TUR,Türkiye,C1_5,Total length of paid paternity and parental leave reserved for fathers,C1,Family policies,2021,,1,,A,Normal value,0,Units,WK,Weeks,,,1,One,_Z,Not applicable
DATAFLOW,OECD.WISE.CWB:DSD_CWB@DF_CWB(1.0),Child well-being,I,TUR,Türkiye,C1_5,Total length of paid paternity and parental leave reserved for fathers,C1,Family policies,2020,,1,,A,Normal value,0,Units,WK,Weeks,,,1,One,_Z,Not applicable
DATAFLOW,OECD.WISE.CWB:DSD_CWB@DF_CWB(1.0),Child well-being,I,GBR,United Kingdom,C1_5,Total length of paid paternity and parental leave reserved for fathers,C1,Family policies,2018,,2,,A,Normal value,0,Units,WK,Weeks,,,1,One,_Z,Not applicable
DATAFLOW,OECD.WISE.CWB:DSD_CWB@DF_CWB(1.0),Child well-being,I,GBR,United Kingdom,C1_5,Total length of paid paternity and parental leave reserved for fathers,C1,Family policies,2017,,2,,A,Normal value,0,Units,WK,Weeks,,,1,One,_Z,Not applicable
DATAFLOW,OECD.WISE.CWB:DSD_CWB@DF_CWB(1.0),Child well-being,I,GBR,United Kingdom,C1_4,Total length of paid maternity and parental leave available to mothers,C1,Family policies,2021,,39,,A,Normal value,0,Units,WK,Weeks,,,1,One,_Z,Not applicable
DATAFLOW,OECD.WISE.CWB:DSD_CWB@DF_CWB(1.0),Child well-being,I,GBR,United Kingdom,C1_4,Total length of paid maternity and parental leave available to mothers,C1,Family policies,2020,,39,,A,Normal value,0,Units,WK,Weeks,,,1,One,_Z,Not applicable
DATAFLOW,OECD.WISE.CWB:DSD_CWB@DF_CWB(1.0),Child well-being,I,GBR,United Kingdom,C1_4,Total length of paid maternity and parental leave available to mothers,C1,Family policies,2019,,39,,A,Normal value,0,Units,WK,Weeks,,,1,One,_Z,Not applicable
DATAFLOW,OECD.WISE.CWB:DSD_CWB@DF_CWB(1.0),Child well-being,I,GBR,United Kingdom,C1_4,Total length of paid maternity and parental leave available to mothers,C1,Family policies,2018,,39,,A,Normal value,0,Units,WK,Weeks,,,1,One,_Z,Not applicable
DATAFLOW,OECD.WISE.CWB:DSD_CWB@DF_CWB(1.0),Child well-being,I,GBR,United Kingdom,C1_4,Total length of paid maternity and parental leave available to mothers,C1,Family policies,2017,,39,,A,Normal value,0,Units,WK,Weeks,,,1,One,_Z,Not applicable
DATAFLOW,OECD.WISE.CWB:DSD_CWB@DF_CWB(1.0),Child well-being,I,GBR,United Kingdom,C1_5,Total length of paid paternity and parental leave reserved for fathers,C1,Family policies,2021,,2,,A,Normal value,0,Units,WK,Weeks,,,1,One,_Z,Not applicable
DATAFLOW,OECD.WISE.CWB:DSD_CWB@DF_CWB(1.0),Child well-being,I,GBR,United Kingdom,C1_5,Total length of paid paternity and parental leave reserved for fathers,C1,Family policies,2020,,2,,A,Normal value,0,Units,WK,Weeks,,,1,One,_Z,Not applicable
DATAFLOW,OECD.WISE.CWB:DSD_CWB@DF_CWB(1.0),Child well-being,I,USA,United States,C1_5,Total length of paid paternity and parental leave reserved for fathers,C1,Family policies,2018,,0,,A,Normal value,0,Units,WK,Weeks,,,1,One,_Z,Not applicable
DATAFLOW,OECD.WISE.CWB:DSD_CWB@DF_CWB(1.0),Child well-being,I,USA,United States,C1_5,Total length of paid paternity and parental leave reserved for fathers,C1,Family policies,2017,,0,,A,Normal value,0,Units,WK,Weeks,,,1,One,_Z,Not applicable
DATAFLOW,OECD.WISE.CWB:DSD_CWB@DF_CWB(1.0),Child well-being,I,USA,United States,C1_4,Total length of paid maternity and parental leave available to mothers,C1,Family policies,2021,,0,,A,Normal value,0,Units,WK,Weeks,,,1,One,_Z,Not applicable
DATAFLOW,OECD.WISE.CWB:DSD_CWB@DF_CWB(1.0),Child well-being,I,USA,United States,C1_4,Total length of paid maternity and parental leave available to mothers,C1,Family policies,2020,,0,,A,Normal value,0,Units,WK,Weeks,,,1,One,_Z,Not applicable
DATAFLOW,OECD.WISE.CWB:DSD_CWB@DF_CWB(1.0),Child well-being,I,USA,United States,C1_4,Total length of paid maternity and parental leave available to mothers,C1,Family policies,2019,,0,,A,Normal value,0,Units,WK,Weeks,,,1,One,_Z,Not applicable
DATAFLOW,OECD.WISE.CWB:DSD_CWB@DF_CWB(1.0),Child well-being,I,USA,United States,C1_4,Total length of paid maternity and parental leave available to mothers,C1,Family policies,2018,,0,,A,Normal value,0,Units,WK,Weeks,,,1,One,_Z,Not applicable
DATAFLOW,OECD.WISE.CWB:DSD_CWB@DF_CWB(1.0),Child well-being,I,USA,United States,C1_4,Total length of paid maternity and parental leave available to mothers,C1,Family policies,2017,,0,,A,Normal value,0,Units,WK,Weeks,,,1,One,_Z,Not applicable
DATAFLOW,OECD.WISE.CWB:DSD_CWB@DF_CWB(1.0),Child well-being,I,USA,United States,C1_5,Total length of paid paternity and parental leave reserved for fathers,C1,Family policies,2021,,0,,A,Normal value,0,Units,WK,Weeks,,,1,One,_Z,Not applicable
DATAFLOW,OECD.WISE.CWB:DSD_CWB@DF_CWB(1.0),Child well-being,I,USA,United States,C1_5,Total length of paid paternity and parental leave reserved for fathers,C1,Family policies,2020,,0,,A,Normal value,0,Units,WK,Weeks,,,1,One,_Z,Not applicable
DATAFLOW,OECD.WISE.CWB:DSD_CWB@DF_CWB(1.0),Child well-being,I,AUS,Australia,C1_5,Total length of paid paternity and parental leave reserved for fathers,C1,Family policies,2019,,2,,A,Normal value,0,Units,WK,Weeks,,,1,One,_Z,Not applicable
DATAFLOW,OECD.WISE.CWB:DSD_CWB@DF_CWB(1.0),Child well-being,I,AUT,Austria,C1_5,Total length of paid paternity and parental leave reserved for fathers,C1,Family policies,2019,,8.7,,A,Normal value,0,Units,WK,Weeks,,,1,One,_Z,Not applicable
DATAFLOW,OECD.WISE.CWB:DSD_CWB@DF_CWB(1.0),Child well-being,I,BEL,Belgium,C1_4,Total length of paid maternity and parental leave available to mothers,C1,Family policies,2021,,32.3,,A,Normal value,0,Units,WK,Weeks,,,1,One,_Z,Not applicable
DATAFLOW,OECD.WISE.CWB:DSD_CWB@DF_CWB(1.0),Child well-being,I,CAN,Canada,C1_5,Total length of paid paternity and parental leave reserved for fathers,C1,Family policies,2021,,5,,A,Normal value,0,Units,WK,Weeks,,,1,One,_Z,Not applicable
DATAFLOW,OECD.WISE.CWB:DSD_CWB@DF_CWB(1.0),Child well-being,I,CHL,Chile,C1_5,Total length of paid paternity and parental leave reserved for fathers,C1,Family policies,2019,,1,,A,Normal value,0,Units,WK,Weeks,,,1,One,_Z,Not applicable
DATAFLOW,OECD.WISE.CWB:DSD_CWB@DF_CWB(1.0),Child well-being,I,COL,Colombia,C1_5,Total length of paid paternity and parental leave reserved for fathers,C1,Family policies,2019,,8,,A,Normal value,0,Units,WK,Weeks,,,1,One,_Z,Not applicable
DATAFLOW,OECD.WISE.CWB:DSD_CWB@DF_CWB(1.0),Child well-being,I,CRI,Costa Rica,C1_4,Total length of paid maternity and parental leave available to mothers,C1,Family policies,2019,,17.3,,A,Normal value,0,Units,WK,Weeks,,,1,One,_Z,Not applicable
DATAFLOW,OECD.WISE.CWB:DSD_CWB@DF_CWB(1.0),Child well-being,I,CZE,Czechia,C1_5,Total length of paid paternity and parental leave reserved for fathers,C1,Family policies,2020,,1,,A,Normal value,0,Units,WK,Weeks,,,1,One,_Z,Not applicable
DATAFLOW,OECD.WISE.CWB:DSD_CWB@DF_CWB(1.0),Child well-being,I,DNK,Denmark,C1_5,Total length of paid paternity and parental leave reserved for fathers,C1,Family policies,2019,,2,,A,Normal value,0,Units,WK,Weeks,,,1,One,_Z,Not applicable
DATAFLOW,OECD.WISE.CWB:DSD_CWB@DF_CWB(1.0),Child well-being,I,EST,Estonia,C1_5,Total length of paid paternity and parental leave reserved for fathers,C1,Family policies,2018,,2,,A,Normal value,0,Units,WK,Weeks,,,1,One,_Z,Not applicable
DATAFLOW,OECD.WISE.CWB:DSD_CWB@DF_CWB(1.0),Child well-being,I,FIN,Finland,C1_5,Total length of paid paternity and parental leave reserved for fathers,C1,Family policies,2019,,9,,A,Normal value,0,Units,WK,Weeks,,,1,One,_Z,Not applicable
DATAFLOW,OECD.WISE.CWB:DSD_CWB@DF_CWB(1.0),Child well-being,I,FRA,France,C1_5,Total length of paid paternity and parental leave reserved for fathers,C1,Family policies,2019,,28,,A,Normal value,0,Units,WK,Weeks,,,1,One,_Z,Not applicable
DATAFLOW,OECD.WISE.CWB:DSD_CWB@DF_CWB(1.0),Child well-being,I,DEU,Germany,C1_5,Total length of paid paternity and parental leave reserved for fathers,C1,Family policies,2019,,8.7,,A,Normal value,0,Units,WK,Weeks,,,1,One,_Z,Not applicable
DATAFLOW,OECD.WISE.CWB:DSD_CWB@DF_CWB(1.0),Child well-being,I,GRC,Greece,C1_5,Total length of paid paternity and parental leave reserved for fathers,C1,Family policies,2019,,0.4,,A,Normal value,0,Units,WK,Weeks,,,1,One,_Z,Not applicable
DATAFLOW,OECD.WISE.CWB:DSD_CWB@DF_CWB(1.0),Child well-being,I,HUN,Hungary,C1_5,Total length of paid paternity and parental leave reserved for fathers,C1,Family policies,2019,,1,,A,Normal value,0,Units,WK,Weeks,,,1,One,_Z,Not applicable
DATAFLOW,OECD.WISE.CWB:DSD_CWB@DF_CWB(1.0),Child well-being,I,ISL,Iceland,C1_5,Total length of paid paternity and parental leave reserved for fathers,C1,Family policies,2019,,13,,A,Normal value,0,Units,WK,Weeks,,,1,One,_Z,Not applicable
DATAFLOW,OECD.WISE.CWB:DSD_CWB@DF_CWB(1.0),Child well-being,I,IRL,Ireland,C1_5,Total length of paid paternity and parental leave reserved for fathers,C1,Family policies,2017,,2,,A,Normal value,0,Units,WK,Weeks,,,1,One,_Z,Not applicable
DATAFLOW,OECD.WISE.CWB:DSD_CWB@DF_CWB(1.0),Child well-being,I,ISR,Israel,C1_4,Total length of paid maternity and parental leave available to mothers,C1,Family policies,2019,,15,,A,Normal value,0,Units,WK,Weeks,,,1,One,_Z,Not applicable
DATAFLOW,OECD.WISE.CWB:DSD_CWB@DF_CWB(1.0),Child well-being,I,ITA,Italy,C1_5,Total length of paid paternity and parental leave reserved for fathers,C1,Family policies,2019,,0.8,,A,Normal value,0,Units,WK,Weeks,,,1,One,_Z,Not applicable
DATAFLOW,OECD.WISE.CWB:DSD_CWB@DF_CWB(1.0),Child well-being,I,JPN,Japan,C1_5,Total length of paid paternity and parental leave reserved for fathers,C1,Family policies,2019,,52,,A,Normal value,0,Units,WK,Weeks,,,1,One,_Z,Not applicable
DATAFLOW,OECD.WISE.CWB:DSD_CWB@DF_CWB(1.0),Child well-being,I,KOR,Korea,C1_5,Total length of paid paternity and parental leave reserved for fathers,C1,Family policies,2019,,52.6,,A,Normal value,0,Units,WK,Weeks,,,1,One,_Z,Not applicable
DATAFLOW,OECD.WISE.CWB:DSD_CWB@DF_CWB(1.0),Child well-being,I,LVA,Latvia,C1_5,Total length of paid paternity and parental leave reserved for fathers,C1,Family policies,2019,,1.4,,A,Normal value,0,Units,WK,Weeks,,,1,One,_Z,Not applicable
DATAFLOW,OECD.WISE.CWB:DSD_CWB@DF_CWB(1.0),Child well-being,I,LTU,Lithuania,C1_5,Total length of paid paternity and parental leave reserved for fathers,C1,Family policies,2019,,4,,A,Normal value,0,Units,WK,Weeks,,,1,One,_Z,Not applicable
DATAFLOW,OECD.WISE.CWB:DSD_CWB@DF_CWB(1.0),Child well-being,I,LUX,Luxembourg,C1_5,Total length of paid paternity and parental leave reserved for fathers,C1,Family policies,2019,,28,,A,Normal value,0,Units,WK,Weeks,,,1,One,_Z,Not applicable
DATAFLOW,OECD.WISE.CWB:DSD_CWB@DF_CWB(1.0),Child well-being,I,MEX,Mexico,C1_5,Total length of paid paternity and parental leave reserved for fathers,C1,Family policies,2019,,1,,A,Normal value,0,Units,WK,Weeks,,,1,One,_Z,Not applicable
DATAFLOW,OECD.WISE.CWB:DSD_CWB@DF_CWB(1.0),Child well-being,I,NLD,Netherlands,C1_5,Total length of paid paternity and parental leave reserved for fathers,C1,Family policies,2019,,1,,A,Normal value,0,Units,WK,Weeks,,,1,One,_Z,Not applicable
DATAFLOW,OECD.WISE.CWB:DSD_CWB@DF_CWB(1.0),Child well-being,I,NZL,New Zealand,C1_4,Total length of paid maternity and parental leave available to mothers,C1,Family policies,2019,,22,,A,Normal value,0,Units,WK,Weeks,,,1,One,_Z,Not applicable
DATAFLOW,OECD.WISE.CWB:DSD_CWB@DF_CWB(1.0),Child well-being,I,NOR,Norway,C1_5,Total length of paid paternity and parental leave reserved for fathers,C1,Family policies,2019,,15,,A,Normal value,0,Units,WK,Weeks,,,1,One,_Z,Not applicable
DATAFLOW,OECD.WISE.CWB:DSD_CWB@DF_CWB(1.0),Child well-being,I,POL,Poland,C1_5,Total length of paid paternity and parental leave reserved for fathers,C1,Family policies,2019,,2,,A,Normal value,0,Units,WK,Weeks,,,1,One,_Z,Not applicable
DATAFLOW,OECD.WISE.CWB:DSD_CWB@DF_CWB(1.0),Child well-being,I,PRT,Portugal,C1_5,Total length of paid paternity and parental leave reserved for fathers,C1,Family policies,2019,,22.3,,A,Normal value,0,Units,WK,Weeks,,,1,One,_Z,Not applicable
DATAFLOW,OECD.WISE.CWB:DSD_CWB@DF_CWB(1.0),Child well-being,I,EST,Estonia,C1_4,Total length of paid maternity and parental leave available to mothers,C1,Family policies,2021,,82,,A,Normal value,0,Units,WK,Weeks,,,1,One,_Z,Not applicable
DATAFLOW,OECD.WISE.CWB:DSD_CWB@DF_CWB(1.0),Child well-being,I,EST,Estonia,C1_4,Total length of paid maternity and parental leave available to mothers,C1,Family policies,2020,,82,,A,Normal value,0,Units,WK,Weeks,,,1,One,_Z,Not applicable
DATAFLOW,OECD.WISE.CWB:DSD_CWB@DF_CWB(1.0),Child well-being,I,AUT,Austria,C1_5,Total length of paid paternity and parental leave reserved for fathers,C1,Family policies,2017,,8.7,,A,Normal value,0,Units,WK,Weeks,,,1,One,_Z,Not applicable
DATAFLOW,OECD.WISE.CWB:DSD_CWB@DF_CWB(1.0),Child well-being,I,AUT,Austria,C1_4,Total length of paid maternity and parental leave available to mothers,C1,Family policies,2021,,60,,A,Normal value,0,Units,WK,Weeks,,,1,One,_Z,Not applicable
DATAFLOW,OECD.WISE.CWB:DSD_CWB@DF_CWB(1.0),Child well-being,I,AUT,Austria,C1_4,Total length of paid maternity and parental leave available to mothers,C1,Family policies,2020,,60,,A,Normal value,0,Units,WK,Weeks,,,1,One,_Z,Not applicable
DATAFLOW,OECD.WISE.CWB:DSD_CWB@DF_CWB(1.0),Child well-being,I,AUT,Austria,C1_4,Total length of paid maternity and parental leave available to mothers,C1,Family policies,2019,,60,,A,Normal value,0,Units,WK,Weeks,,,1,One,_Z,Not applicable
DATAFLOW,OECD.WISE.CWB:DSD_CWB@DF_CWB(1.0),Child well-being,I,AUT,Austria,C1_4,Total length of paid maternity and parental leave available to mothers,C1,Family policies,2018,,60,,A,Normal value,0,Units,WK,Weeks,,,1,One,_Z,Not applicable
DATAFLOW,OECD.WISE.CWB:DSD_CWB@DF_CWB(1.0),Child well-being,I,FRA,France,C1_4,Total length of paid maternity and parental leave available to mothers,C1,Family policies,2017,,42,,A,Normal value,0,Units,WK,Weeks,,,1,One,_Z,Not applicable
DATAFLOW,OECD.WISE.CWB:DSD_CWB@DF_CWB(1.0),Child well-being,I,FRA,France,C1_5,Total length of paid paternity and parental leave reserved for fathers,C1,Family policies,2021,,28,,A,Normal value,0,Units,WK,Weeks,,,1,One,_Z,Not applicable
DATAFLOW,OECD.WISE.CWB:DSD_CWB@DF_CWB(1.0),Child well-being,I,FRA,France,C1_5,Total length of paid paternity and parental leave reserved for fathers,C1,Family policies,2020,,28,,A,Normal value,0,Units,WK,Weeks,,,1,One,_Z,Not applicable
DATAFLOW,OECD.WISE.CWB:DSD_CWB@DF_CWB(1.0),Child well-being,I,DEU,Germany,C1_5,Total length of paid paternity and parental leave reserved for fathers,C1,Family policies,2018,,8.7,,A,Normal value,0,Units,WK,Weeks,,,1,One,_Z,Not applicable
DATAFLOW,OECD.WISE.CWB:DSD_CWB@DF_CWB(1.0),Child well-being,I,SVN,Slovenia,C1_5,Total length of paid paternity and parental leave reserved for fathers,C1,Family policies,2019,,4.3,,A,Normal value,0,Units,WK,Weeks,,,1,One,_Z,Not applicable
DATAFLOW,OECD.WISE.CWB:DSD_CWB@DF_CWB(1.0),Child well-being,I,ESP,Spain,C1_5,Total length of paid paternity and parental leave reserved for fathers,C1,Family policies,2019,,8,,A,Normal value,0,Units,WK,Weeks,,,1,One,_Z,Not applicable
DATAFLOW,OECD.WISE.CWB:DSD_CWB@DF_CWB(1.0),Child well-being,I,SWE,Sweden,C1_5,Total length of paid paternity and parental leave reserved for fathers,C1,Family policies,2019,,14.3,,A,Normal value,0,Units,WK,Weeks,,,1,One,_Z,Not applicable
DATAFLOW,OECD.WISE.CWB:DSD_CWB@DF_CWB(1.0),Child well-being,I,CHE,Switzerland,C1_5,Total length of paid paternity and parental leave reserved for fathers,C1,Family policies,2021,,2,,A,Normal value,0,Units,WK,Weeks,,,1,One,_Z,Not applicable
DATAFLOW,OECD.WISE.CWB:DSD_CWB@DF_CWB(1.0),Child well-being,I,TUR,Türkiye,C1_5,Total length of paid paternity and parental leave reserved for fathers,C1,Family policies,2019,,1,,A,Normal value,0,Units,WK,Weeks,,,1,One,_Z,Not applicable
DATAFLOW,OECD.WISE.CWB:DSD_CWB@DF_CWB(1.0),Child well-being,I,GBR,United Kingdom,C1_5,Total length of paid paternity and parental leave reserved for fathers,C1,Family policies,2019,,2,,A,Normal value,0,Units,WK,Weeks,,,1,One,_Z,Not applicable
DATAFLOW,OECD.WISE.CWB:DSD_CWB@DF_CWB(1.0),Child well-being,I,USA,United States,C1_5,Total length of paid paternity and parental leave reserved for fathers,C1,Family policies,2019,,0,,A,Normal value,0,Units,WK,Weeks,,,1,One,_Z,Not applicable
DATAFLOW,OECD.WISE.CWB:DSD_CWB@DF_CWB(1.0),Child well-being,I,EST,Estonia,C1_4,Total length of paid maternity and parental leave available to mothers,C1,Family policies,2019,,166,,A,Normal value,0,Units,WK,Weeks,,,1,One,_Z,Not applicable
DATAFLOW,OECD.WISE.CWB:DSD_CWB@DF_CWB(1.0),Child well-being,I,EST,Estonia,C1_4,Total length of paid maternity and parental leave available to mothers,C1,Family policies,2018,,166,,A,Normal value,0,Units,WK,Weeks,,,1,One,_Z,Not applicable
DATAFLOW,OECD.WISE.CWB:DSD_CWB@DF_CWB(1.0),Child well-being,I,EST,Estonia,C1_4,Total length of paid maternity and parental leave available to mothers,C1,Family policies,2017,,166,,A,Normal value,0,Units,WK,Weeks,,,1,One,_Z,Not applicable
DATAFLOW,OECD.WISE.CWB:DSD_CWB@DF_CWB(1.0),Child well-being,I,EST,Estonia,C1_5,Total length of paid paternity and parental leave reserved for fathers,C1,Family policies,2020,,2,,A,Normal value,0,Units,WK,Weeks,,,1,One,_Z,Not applicable
DATAFLOW,OECD.WISE.CWB:DSD_CWB@DF_CWB(1.0),Child well-being,I,EST,Estonia,C1_5,Total length of paid paternity and parental leave reserved for fathers,C1,Family policies,2019,,2,,A,Normal value,0,Units,WK,Weeks,,,1,One,_Z,Not applicable
DATAFLOW,OECD.WISE.CWB:DSD_CWB@DF_CWB(1.0),Child well-being,I,FIN,Finland,C1_5,Total length of paid paternity and parental leave reserved for fathers,C1,Family policies,2018,,9,,A,Normal value,0,Units,WK,Weeks,,,1,One,_Z,Not applicable
DATAFLOW,OECD.WISE.CWB:DSD_CWB@DF_CWB(1.0),Child well-being,I,FIN,Finland,C1_5,Total length of paid paternity and parental leave reserved for fathers,C1,Family policies,2017,,9,,A,Normal value,0,Units,WK,Weeks,,,1,One,_Z,Not applicable
DATAFLOW,OECD.WISE.CWB:DSD_CWB@DF_CWB(1.0),Child well-being,I,FIN,Finland,C1_4,Total length of paid maternity and parental leave available to mothers,C1,Family policies,2021,,161,,A,Normal value,0,Units,WK,Weeks,,,1,One,_Z,Not applicable
DATAFLOW,OECD.WISE.CWB:DSD_CWB@DF_CWB(1.0),Child well-being,I,FIN,Finland,C1_4,Total length of paid maternity and parental leave available to mothers,C1,Family policies,2020,,161,,A,Normal value,0,Units,WK,Weeks,,,1,One,_Z,Not applicable
DATAFLOW,OECD.WISE.CWB:DSD_CWB@DF_CWB(1.0),Child well-being,I,FIN,Finland,C1_4,Total length of paid maternity and parental leave available to mothers,C1,Family policies,2019,,161,,A,Normal value,0,Units,WK,Weeks,,,1,One,_Z,Not applicable
DATAFLOW,OECD.WISE.CWB:DSD_CWB@DF_CWB(1.0),Child well-being,I,FIN,Finland,C1_4,Total length of paid maternity and parental leave available to mothers,C1,Family policies,2018,,161,,A,Normal value,0,Units,WK,Weeks,,,1,One,_Z,Not applicable
DATAFLOW,OECD.WISE.CWB:DSD_CWB@DF_CWB(1.0),Child well-being,I,FIN,Finland,C1_4,Total length of paid maternity and parental leave available to mothers,C1,Family policies,2017,,161,,A,Normal value,0,Units,WK,Weeks,,,1,One,_Z,Not applicable
DATAFLOW,OECD.WISE.CWB:DSD_CWB@DF_CWB(1.0),Child well-being,I,FIN,Finland,C1_5,Total length of paid paternity and parental leave reserved for fathers,C1,Family policies,2021,,9,,A,Normal value,0,Units,WK,Weeks,,,1,One,_Z,Not applicable
DATAFLOW,OECD.WISE.CWB:DSD_CWB@DF_CWB(1.0),Child well-being,I,FIN,Finland,C1_5,Total length of paid paternity and parental leave reserved for fathers,C1,Family policies,2020,,9,,A,Normal value,0,Units,WK,Weeks,,,1,One,_Z,Not applicable
DATAFLOW,OECD.WISE.CWB:DSD_CWB@DF_CWB(1.0),Child well-being,I,FRA,France,C1_5,Total length of paid paternity and parental leave reserved for fathers,C1,Family policies,2018,,28,,A,Normal value,0,Units,WK,Weeks,,,1,One,_Z,Not applicable
DATAFLOW,OECD.WISE.CWB:DSD_CWB@DF_CWB(1.0),Child well-being,I,FRA,France,C1_5,Total length of paid paternity and parental leave reserved for fathers,C1,Family policies,2017,,28,,A,Normal value,0,Units,WK,Weeks,,,1,One,_Z,Not applicable
DATAFLOW,OECD.WISE.CWB:DSD_CWB@DF_CWB(1.0),Child well-being,I,FRA,France,C1_4,Total length of paid maternity and parental leave available to mothers,C1,Family policies,2021,,42,,A,Normal value,0,Units,WK,Weeks,,,1,One,_Z,Not applicable
DATAFLOW,OECD.WISE.CWB:DSD_CWB@DF_CWB(1.0),Child well-being,I,FRA,France,C1_4,Total length of paid maternity and parental leave available to mothers,C1,Family policies,2020,,42,,A,Normal value,0,Units,WK,Weeks,,,1,One,_Z,Not applicable
DATAFLOW,OECD.WISE.CWB:DSD_CWB@DF_CWB(1.0),Child well-being,I,FRA,France,C1_4,Total length of paid maternity and parental leave available to mothers,C1,Family policies,2019,,42,,A,Normal value,0,Units,WK,Weeks,,,1,One,_Z,Not applicable
DATAFLOW,OECD.WISE.CWB:DSD_CWB@DF_CWB(1.0),Child well-being,I,FRA,France,C1_4,Total length of paid maternity and parental leave available to mothers,C1,Family policies,2018,,42,,A,Normal value,0,Units,WK,Weeks,,,1,One,_Z,Not applicable
DATAFLOW,OECD.WISE.CWB:DSD_CWB@DF_CWB(1.0),Child well-being,I,NZL,New Zealand,C1_5,Total length of paid paternity and parental leave reserved for fathers,C1,Family policies,2021,,0,,A,Normal value,0,Units,WK,Weeks,,,1,One,_Z,Not applicable
DATAFLOW,OECD.WISE.CWB:DSD_CWB@DF_CWB(1.0),Child well-being,I,LVA,Latvia,C1_5,Total length of paid paternity and parental leave reserved for fathers,C1,Family policies,2017,,1.4,,A,Normal value,0,Units,WK,Weeks,,,1,One,_Z,Not applicable
DATAFLOW,OECD.WISE.CWB:DSD_CWB@DF_CWB(1.0),Child well-being,I,LVA,Latvia,C1_4,Total length of paid maternity and parental leave available to mothers,C1,Family policies,2021,,94,,A,Normal value,0,Units,WK,Weeks,,,1,One,_Z,Not applicable
DATAFLOW,OECD.WISE.CWB:DSD_CWB@DF_CWB(1.0),Child well-being,I,LVA,Latvia,C1_4,Total length of paid maternity and parental leave available to mothers,C1,Family policies,2020,,94,,A,Normal value,0,Units,WK,Weeks,,,1,One,_Z,Not applicable
DATAFLOW,OECD.WISE.CWB:DSD_CWB@DF_CWB(1.0),Child well-being,I,LVA,Latvia,C1_4,Total length of paid maternity and parental leave available to mothers,C1,Family policies,2019,,94,,A,Normal value,0,Units,WK,Weeks,,,1,One,_Z,Not applicable
DATAFLOW,OECD.WISE.CWB:DSD_CWB@DF_CWB(1.0),Child well-being,I,LVA,Latvia,C1_4,Total length of paid maternity and parental leave available to mothers,C1,Family policies,2018,,94,,A,Normal value,0,Units,WK,Weeks,,,1,One,_Z,Not applicable
DATAFLOW,OECD.WISE.CWB:DSD_CWB@DF_CWB(1.0),Child well-being,I,LVA,Latvia,C1_4,Total length of paid maternity and parental leave available to mothers,C1,Family policies,2017,,94,,A,Normal value,0,Units,WK,Weeks,,,1,One,_Z,Not applicable
DATAFLOW,OECD.WISE.CWB:DSD_CWB@DF_CWB(1.0),Child well-being,I,LVA,Latvia,C1_5,Total length of paid paternity and parental leave reserved for fathers,C1,Family policies,2021,,1.4,,A,Normal value,0,Units,WK,Weeks,,,1,One,_Z,Not applicable
DATAFLOW,OECD.WISE.CWB:DSD_CWB@DF_CWB(1.0),Child well-being,I,LVA,Latvia,C1_5,Total length of paid paternity and parental leave reserved for fathers,C1,Family policies,2020,,1.4,,A,Normal value,0,Units,WK,Weeks,,,1,One,_Z,Not applicable
DATAFLOW,OECD.WISE.CWB:DSD_CWB@DF_CWB(1.0),Child well-being,I,LTU,Lithuania,C1_5,Total length of paid paternity and parental leave reserved for fathers,C1,Family policies,2018,,4,,A,Normal value,0,Units,WK,Weeks,,,1,One,_Z,Not applicable
DATAFLOW,OECD.WISE.CWB:DSD_CWB@DF_CWB(1.0),Child well-being,I,LTU,Lithuania,C1_5,Total length of paid paternity and parental leave reserved for fathers,C1,Family policies,2017,,4,,A,Normal value,0,Units,WK,Weeks,,,1,One,_Z,Not applicable
DATAFLOW,OECD.WISE.CWB:DSD_CWB@DF_CWB(1.0),Child well-being,I,LTU,Lithuania,C1_4,Total length of paid maternity and parental leave available to mothers,C1,Family policies,2021,,62,,A,Normal value,0,Units,WK,Weeks,,,1,One,_Z,Not applicable
DATAFLOW,OECD.WISE.CWB:DSD_CWB@DF_CWB(1.0),Child well-being,I,LTU,Lithuania,C1_4,Total length of paid maternity and parental leave available to mothers,C1,Family policies,2020,,62,,A,Normal value,0,Units,WK,Weeks,,,1,One,_Z,Not applicable
DATAFLOW,OECD.WISE.CWB:DSD_CWB@DF_CWB(1.0),Child well-being,I,LTU,Lithuania,C1_4,Total length of paid maternity and parental leave available to mothers,C1,Family policies,2019,,62,,A,Normal value,0,Units,WK,Weeks,,,1,One,_Z,Not applicable
DATAFLOW,OECD.WISE.CWB:DSD_CWB@DF_CWB(1.0),Child well-being,I,LTU,Lithuania,C1_4,Total length of paid maternity and parental leave available to mothers,C1,Family policies,2018,,62,,A,Normal value,0,Units,WK,Weeks,,,1,One,_Z,Not applicable
DATAFLOW,OECD.WISE.CWB:DSD_CWB@DF_CWB(1.0),Child well-being,I,LTU,Lithuania,C1_4,Total length of paid maternity and parental leave available to mothers,C1,Family policies,2017,,62,,A,Normal value,0,Units,WK,Weeks,,,1,One,_Z,Not applicable
DATAFLOW,OECD.WISE.CWB:DSD_CWB@DF_CWB(1.0),Child well-being,I,LTU,Lithuania,C1_5,Total length of paid paternity and parental leave reserved for fathers,C1,Family policies,2021,,4,,A,Normal value,0,Units,WK,Weeks,,,1,One,_Z,Not applicable
DATAFLOW,OECD.WISE.CWB:DSD_CWB@DF_CWB(1.0),Child well-being,I,LTU,Lithuania,C1_5,Total length of paid paternity and parental leave reserved for fathers,C1,Family policies,2020,,4,,A,Normal value,0,Units,WK,Weeks,,,1,One,_Z,Not applicable
DATAFLOW,OECD.WISE.CWB:DSD_CWB@DF_CWB(1.0),Child well-being,I,LUX,Luxembourg,C1_5,Total length of paid paternity and parental leave reserved for fathers,C1,Family policies,2018,,28,,A,Normal value,0,Units,WK,Weeks,,,1,One,_Z,Not applicable
DATAFLOW,OECD.WISE.CWB:DSD_CWB@DF_CWB(1.0),Child well-being,I,KOR,Korea,C1_4,Total length of paid maternity and parental leave available to mothers,C1,Family policies,2019,,64.9,,A,Normal value,0,Units,WK,Weeks,,,1,One,_Z,Not applicable
DATAFLOW,OECD.WISE.CWB:DSD_CWB@DF_CWB(1.0),Child well-being,I,KOR,Korea,C1_4,Total length of paid maternity and parental leave available to mothers,C1,Family policies,2018,,64.9,,A,Normal value,0,Units,WK,Weeks,,,1,One,_Z,Not applicable
DATAFLOW,OECD.WISE.CWB:DSD_CWB@DF_CWB(1.0),Child well-being,I,KOR,Korea,C1_4,Total length of paid maternity and parental leave available to mothers,C1,Family policies,2017,,64.9,,A,Normal value,0,Units,WK,Weeks,,,1,One,_Z,Not applicable
DATAFLOW,OECD.WISE.CWB:DSD_CWB@DF_CWB(1.0),Child well-being,I,KOR,Korea,C1_5,Total length of paid paternity and parental leave reserved for fathers,C1,Family policies,2021,,54,,A,Normal value,0,Units,WK,Weeks,,,1,One,_Z,Not applicable
DATAFLOW,OECD.WISE.CWB:DSD_CWB@DF_CWB(1.0),Child well-being,I,CAN,Canada,C1_4,Total length of paid maternity and parental leave available to mothers,C1,Family policies,2019,,51,,A,Normal value,0,Units,WK,Weeks,,,1,One,_Z,Not applicable
DATAFLOW,OECD.WISE.CWB:DSD_CWB@DF_CWB(1.0),Child well-being,I,CAN,Canada,C1_4,Total length of paid maternity and parental leave available to mothers,C1,Family policies,2018,,51,,A,Normal value,0,Units,WK,Weeks,,,1,One,_Z,Not applicable
DATAFLOW,OECD.WISE.CWB:DSD_CWB@DF_CWB(1.0),Child well-being,I,CAN,Canada,C1_4,Total length of paid maternity and parental leave available to mothers,C1,Family policies,2017,,51,,A,Normal value,0,Units,WK,Weeks,,,1,One,_Z,Not applicable
DATAFLOW,OECD.WISE.CWB:DSD_CWB@DF_CWB(1.0),Child well-being,I,CHL,Chile,C1_5,Total length of paid paternity and parental leave reserved for fathers,C1,Family policies,2018,,1,,A,Normal value,0,Units,WK,Weeks,,,1,One,_Z,Not applicable
DATAFLOW,OECD.WISE.CWB:DSD_CWB@DF_CWB(1.0),Child well-being,I,CHL,Chile,C1_5,Total length of paid paternity and parental leave reserved for fathers,C1,Family policies,2017,,1,,A,Normal value,0,Units,WK,Weeks,,,1,One,_Z,Not applicable
DATAFLOW,OECD.WISE.CWB:DSD_CWB@DF_CWB(1.0),Child well-being,I,CHL,Chile,C1_4,Total length of paid maternity and parental leave available to mothers,C1,Family policies,2021,,30,,A,Normal value,0,Units,WK,Weeks,,,1,One,_Z,Not applicable
DATAFLOW,OECD.WISE.CWB:DSD_CWB@DF_CWB(1.0),Child well-being,I,CHL,Chile,C1_4,Total length of paid maternity and parental leave available to mothers,C1,Family policies,2020,,30,,A,Normal value,0,Units,WK,Weeks,,,1,One,_Z,Not applicable
DATAFLOW,OECD.WISE.CWB:DSD_CWB@DF_CWB(1.0),Child well-being,I,CHL,Chile,C1_4,Total length of paid maternity and parental leave available to mothers,C1,Family policies,2019,,30,,A,Normal value,0,Units,WK,Weeks,,,1,One,_Z,Not applicable
DATAFLOW,OECD.WISE.CWB:DSD_CWB@DF_CWB(1.0),Child well-being,I,CHL,Chile,C1_4,Total length of paid maternity and parental leave available to mothers,C1,Family policies,2018,,30,,A,Normal value,0,Units,WK,Weeks,,,1,One,_Z,Not applicable
DATAFLOW,OECD.WISE.CWB:DSD_CWB@DF_CWB(1.0),Child well-being,I,CHL,Chile,C1_4,Total length of paid maternity and parental leave available to mothers,C1,Family policies,2017,,30,,A,Normal value,0,Units,WK,Weeks,,,1,One,_Z,Not applicable
DATAFLOW,OECD.WISE.CWB:DSD_CWB@DF_CWB(1.0),Child well-being,I,LUX,Luxembourg,C1_4,Total length of paid maternity and parental leave available to mothers,C1,Family policies,2021,,46,,A,Normal value,0,Units,WK,Weeks,,,1,One,_Z,Not applicable
DATAFLOW,OECD.WISE.CWB:DSD_CWB@DF_CWB(1.0),Child well-being,I,LUX,Luxembourg,C1_4,Total length of paid maternity and parental leave available to mothers,C1,Family policies,2020,,46,,A,Normal value,0,Units,WK,Weeks,,,1,One,_Z,Not applicable
DATAFLOW,OECD.WISE.CWB:DSD_CWB@DF_CWB(1.0),Child well-being,I,LUX,Luxembourg,C1_4,Total length of paid maternity and parental leave available to mothers,C1,Family policies,2019,,46,,A,Normal value,0,Units,WK,Weeks,,,1,One,_Z,Not applicable
DATAFLOW,OECD.WISE.CWB:DSD_CWB@DF_CWB(1.0),Child well-being,I,LUX,Luxembourg,C1_4,Total length of paid maternity and parental leave available to mothers,C1,Family policies,2018,,46,,A,Normal value,0,Units,WK,Weeks,,,1,One,_Z,Not applicable
DATAFLOW,OECD.WISE.CWB:DSD_CWB@DF_CWB(1.0),Child well-being,I,LUX,Luxembourg,C1_4,Total length of paid maternity and parental leave available to mothers,C1,Family policies,2017,,42,,A,Normal value,0,Units,WK,Weeks,,,1,One,_Z,Not applicable
DATAFLOW,OECD.WISE.CWB:DSD_CWB@DF_CWB(1.0),Child well-being,I,LUX,Luxembourg,C1_5,Total length of paid paternity and parental leave reserved for fathers,C1,Family policies,2021,,28,,A,Normal value,0,Units,WK,Weeks,,,1,One,_Z,Not applicable
DATAFLOW,OECD.WISE.CWB:DSD_CWB@DF_CWB(1.0),Child well-being,I,LUX,Luxembourg,C1_5,Total length of paid paternity and parental leave reserved for fathers,C1,Family policies,2020,,28,,A,Normal value,0,Units,WK,Weeks,,,1,One,_Z,Not applicable
DATAFLOW,OECD.WISE.CWB:DSD_CWB@DF_CWB(1.0),Child well-being,I,MEX,Mexico,C1_5,Total length of paid paternity and parental leave reserved for fathers,C1,Family policies,2018,,1,,A,Normal value,0,Units,WK,Weeks,,,1,One,_Z,Not applicable
