country_code,year,country,health_spending_per_capita
AFE,2022,Africa Eastern and Southern,92.0352883967091
AFE,2021,Africa Eastern and Southern,92.3503331753643
AFE,2020,Africa Eastern and Southern,81.4461401594807
AFE,2019,Africa Eastern and Southern,87.0398773156759
AFE,2018,Africa Eastern and Southern,89.9693693736129
AFE,2017,Africa Eastern and Southern,89.8672604899708
AFE,2016,Africa Eastern and Southern,85.6874598126392
AFE,2015,Africa Eastern and Southern,90.7980923306796
AFW,2022,Africa Western and Central,74.4412528236061
AFW,2021,Africa Western and Central,72.6328495675799
AFW,2020,Africa Western and Central,64.6241898845638
AFW,2019,Africa Western and Central,59.2671342584212
AFW,2018,Africa Western and Central,56.2860408736151
AFW,2017,Africa Western and Central,58.5098170485272
AFW,2016,Africa Western and Central,61.7002428533635
AFW,2015,Africa Western and Central,70.7050018857143
ARB,2022,Arab World,348.767262238545
ARB,2021,Arab World,336.587194733694
ARB,2020,Arab World,327.069625588704
ARB,2019,Arab World,326.670945661256
ARB,2018,Arab World,325.592164585057
ARB,2017,Arab World,307.126617877282
ARB,2016,Arab World,311.947978507094
ARB,2015,Arab World,312.609883146077
CSS,2022,Caribbean small states,915.955448715908
CSS,2021,Caribbean small states,851.953010679747
CSS,2020,Caribbean small states,796.157980008992
CSS,2019,Caribbean small states,820.239812214279
CSS,2018,Caribbean small states,790.748049253674
CSS,2017,Caribbean small states,788.582309385435
CSS,2016,Caribbean small states,747.226086126681
CSS,2015,Caribbean small states,752.904794394726
CEB,2022,Central Europe and the Baltics,1374.1600690946
CEB,2021,Central Europe and the Baltics,1412.78214453503
CEB,2020,Central Europe and the Baltics,1187.60462614471
CEB,2019,Central Europe and the Baltics,1095.4614214139
CEB,2018,Central Europe and the Baltics,1057.78591814118
CEB,2017,Central Europe and the Baltics,941.309979111415
CEB,2016,Central Europe and the Baltics,854.458742634355
CEB,2015,Central Europe and the Baltics,817.142104856243
EAR,2022,Early-demographic dividend,191.392926293627
EAR,2021,Early-demographic dividend,186.693713270936
EAR,2020,Early-demographic dividend,162.139748994011
EAR,2019,Early-demographic dividend,159.821297045575
EAR,2018,Early-demographic dividend,159.6997596475
EAR,2017,Early-demographic dividend,166.136635212773
EAR,2016,Early-demographic dividend,161.00720510291
EAR,2015,Early-demographic dividend,165.201062958564
EAS,2022,East Asia & Pacific,905.114818668488
EAS,2021,East Asia & Pacific,899.287259231387
EAS,2020,East Asia & Pacific,799.468053130348
EAS,2019,East Asia & Pacific,754.673740778479
EAS,2018,East Asia & Pacific,723.925473826868
EAS,2017,East Asia & Pacific,669.232674974526
EAS,2016,East Asia & Pacific,637.056055933574
EAS,2015,East Asia & Pacific,604.254750654019
EAP,2022,East Asia & Pacific (excluding high income),566.030286298373
EAP,2021,East Asia & Pacific (excluding high income),515.527340657811
EAP,2020,East Asia & Pacific (excluding high income),446.453873085913
EAP,2019,East Asia & Pacific (excluding high income),414.609681820139
EAP,2018,East Asia & Pacific (excluding high income),388.610220413854
EAP,2017,East Asia & Pacific (excluding high income),342.752366201755
EAP,2016,East Asia & Pacific (excluding high income),312.578961695984
EAP,2015,East Asia & Pacific (excluding high income),307.270504529694
TEA,2022,East Asia & Pacific (IDA & IBRD countries),566.052535523033
TEA,2021,East Asia & Pacific (IDA & IBRD countries),515.545559248001
TEA,2020,East Asia & Pacific (IDA & IBRD countries),446.471116609362
TEA,2019,East Asia & Pacific (IDA & IBRD countries),414.62703931563
TEA,2018,East Asia & Pacific (IDA & IBRD countries),388.627016996157
TEA,2017,East Asia & Pacific (IDA & IBRD countries),342.769055060083
TEA,2016,East Asia & Pacific (IDA & IBRD countries),312.594700652347
TEA,2015,East Asia & Pacific (IDA & IBRD countries),307.285016378459
EMU,2022,Euro area,4440.78663278001
EMU,2021,Euro area,4808.5266745298
EMU,2020,Euro area,4267.96867224499
EMU,2019,Euro area,3990.7206471892
EMU,2018,Euro area,4058.59817226657
EMU,2017,Euro area,3768.18263728793
EMU,2016,Euro area,3572.5247458986
EMU,2015,Euro area,3509.50675302342
ECS,2022,Europe & Central Asia,2811.91545037396
ECS,2021,Europe & Central Asia,2865.36204038907
ECS,2020,Europe & Central Asia,2527.45161423102
ECS,2019,Europe & Central Asia,2329.10512080466
ECS,2018,Europe & Central Asia,2346.577585248
ECS,2017,Europe & Central Asia,2194.38740036423
ECS,2016,Europe & Central Asia,2095.79454774503
ECS,2015,Europe & Central Asia,2105.26351233221
ECA,2022,Europe & Central Asia (excluding high income),366.115150801706
ECA,2021,Europe & Central Asia (excluding high income),373.799664319144
ECA,2020,Europe & Central Asia (excluding high income),313.492738787445
ECA,2019,Europe & Central Asia (excluding high income),296.599975653494
ECA,2018,Europe & Central Asia (excluding high income),282.063525018229
ECA,2017,Europe & Central Asia (excluding high income),288.640304992191
ECA,2016,Europe & Central Asia (excluding high income),289.020041283304
ECA,2015,Europe & Central Asia (excluding high income),294.269916283956
TEC,2022,Europe & Central Asia (IDA & IBRD countries),732.6197329168
TEC,2021,Europe & Central Asia (IDA & IBRD countries),641.692030073061
TEC,2020,Europe & Central Asia (IDA & IBRD countries),565.47187430609
TEC,2019,Europe & Central Asia (IDA & IBRD countries),499.118925005059
TEC,2018,Europe & Central Asia (IDA & IBRD countries),472.92294572173
TEC,2017,Europe & Central Asia (IDA & IBRD countries),454.56238580521
TEC,2016,Europe & Central Asia (IDA & IBRD countries),406.363821785837
TEC,2015,Europe & Central Asia (IDA & IBRD countries),416.867867300176
EUU,2022,European Union,3922.69600424695
EUU,2021,European Union,4245.26027453482
EUU,2020,European Union,3749.13990498742
EUU,2019,European Union,3498.76733094227
EUU,2018,European Union,3552.94344307037
EUU,2017,European Union,3295.21181360212
EUU,2016,European Union,3117.18625390947
EUU,2015,European Union,3056.00162327666
FCS,2022,Fragile and conflict affected situations,72.8781507440048
FCS,2021,Fragile and conflict affected situations,82.7020795183441
FCS,2020,Fragile and conflict affected situations,74.7932484380231
FCS,2019,Fragile and conflict affected situations,75.4473472281259
FCS,2018,Fragile and conflict affected situations,77.8752643024424
FCS,2017,Fragile and conflict affected situations,71.1234608325199
FCS,2016,Fragile and conflict affected situations,71.7605506010494
FCS,2015,Fragile and conflict affected situations,74.2365842183506
HPC,2022,Heavily indebted poor countries (HIPC),50.2027951771848
HPC,2021,Heavily indebted poor countries (HIPC),51.3398992636346
HPC,2020,Heavily indebted poor countries (HIPC),47.7717071935412
HPC,2019,Heavily indebted poor countries (HIPC),44.6460600242102
HPC,2018,Heavily indebted poor countries (HIPC),43.357295693687
HPC,2017,Heavily indebted poor countries (HIPC),44.2160443671853
HPC,2016,Heavily indebted poor countries (HIPC),45.4245650179442
HPC,2015,Heavily indebted poor countries (HIPC),46.126531285041
,2022,High income,5837.66878621092
,2021,High income,5898.07593003976
,2020,High income,5459.20363853139
,2019,High income,5007.54151471026
,2018,High income,4909.23793582286
,2017,High income,4675.55802873251
,2016,High income,4508.97729409936
,2015,High income,4379.01496960917
IBD,2022,IBRD only,447.260654903885
IBD,2021,IBRD only,409.708232311971
IBD,2020,IBRD only,356.808048107177
IBD,2019,IBRD only,348.259188407069
IBD,2018,IBRD only,336.657577777028
IBD,2017,IBRD only,323.348313106482
IBD,2016,IBRD only,295.17943343273
IBD,2015,IBRD only,297.690339285266
IBT,2022,IDA & IBRD total,340.376152313893
IBT,2021,IDA & IBRD total,315.350586299164
IBT,2020,IDA & IBRD total,275.725000062357
IBT,2019,IDA & IBRD total,269.77161578365
IBT,2018,IDA & IBRD total,262.118110248822
IBT,2017,IDA & IBRD total,252.498843668487
IBT,2016,IDA & IBRD total,232.787477567481
IBT,2015,IDA & IBRD total,235.724630549065
IDB,2022,IDA blend,74.7290098121786
IDB,2021,IDA blend,73.1611514380078
IDB,2020,IDA blend,62.2351683824119
IDB,2019,IDA blend,59.8472026609195
IDB,2018,IDA blend,59.3786192623958
IDB,2017,IDA blend,61.2120673777082
IDB,2016,IDA blend,63.531177139193
IDB,2015,IDA blend,68.2794383868766
IDX,2022,IDA only,52.4741092390193
IDX,2021,IDA only,55.7221807591881
IDX,2020,IDA only,50.0169312070439
IDX,2019,IDA only,47.9652618635297
IDX,2018,IDA only,48.7481421294615
IDX,2017,IDA only,46.8277590128979
IDX,2016,IDA only,46.8621413322107
IDX,2015,IDA only,47.3326046690722
IDA,2022,IDA total,60.2541339650288
IDA,2021,IDA total,61.8279025388772
IDA,2020,IDA total,54.3015634658814
IDA,2019,IDA total,52.1405597947966
IDA,2018,IDA total,52.4918459771618
IDA,2017,IDA total,51.9024108487341
IDA,2016,IDA total,52.7923725982563
IDA,2015,IDA total,54.7993387033524
LTE,2022,Late-demographic dividend,757.7803277233
LTE,2021,Late-demographic dividend,685.250208787111
LTE,2020,Late-demographic dividend,599.999591287701
LTE,2019,Late-demographic dividend,578.29718987738
LTE,2018,Late-demographic dividend,552.925978121776
LTE,2017,Late-demographic dividend,508.245446456403
LTE,2016,Late-demographic dividend,453.387708419731
LTE,2015,Late-demographic dividend,449.515822465305
LCN,2022,Latin America & Caribbean,732.077211521163
LCN,2021,Latin America & Caribbean,673.508345214622
LCN,2020,Latin America & Caribbean,590.885593157634
LCN,2019,Latin America & Caribbean,661.879991697161
LCN,2018,Latin America & Caribbean,678.196454377282
LCN,2017,Latin America & Caribbean,739.436479369294
LCN,2016,Latin America & Caribbean,655.698700817697
LCN,2015,Latin America & Caribbean,682.328296273033
LAC,2022,Latin America & Caribbean (excluding high income),712.698532152493
LAC,2021,Latin America & Caribbean (excluding high income),651.981245802634
LAC,2020,Latin America & Caribbean (excluding high income),573.626771169397
LAC,2019,Latin America & Caribbean (excluding high income),651.433312008729
LAC,2018,Latin America & Caribbean (excluding high income),666.239301609603
LAC,2017,Latin America & Caribbean (excluding high income),708.202232748272
LAC,2016,Latin America & Caribbean (excluding high income),627.547817762521
LAC,2015,Latin America & Caribbean (excluding high income),658.199565034184
TLA,2022,Latin America & the Caribbean (IDA & IBRD countries),731.083036553733
TLA,2021,Latin America & the Caribbean (IDA & IBRD countries),672.712481297088
TLA,2020,Latin America & the Caribbean (IDA & IBRD countries),579.294045090621
TLA,2019,Latin America & the Caribbean (IDA & IBRD countries),654.635269750467
TLA,2018,Latin America & the Caribbean (IDA & IBRD countries),671.941089009649
TLA,2017,Latin America & the Caribbean (IDA & IBRD countries),733.765560892935
TLA,2016,Latin America & the Caribbean (IDA & IBRD countries),648.459181358459
TLA,2015,Latin America & the Caribbean (IDA & IBRD countries),675.637724305284
LDC,2022,Least developed countries: UN classification,47.7666385033873
LDC,2021,Least developed countries: UN classification,48.1863019536304
LDC,2020,Least developed countries: UN classification,43.5898901711385
LDC,2019,Least developed countries: UN classification,42.6451803488139
LDC,2018,Least developed countries: UN classification,44.6126593383059
LDC,2017,Least developed countries: UN classification,43.7658772775461
LDC,2016,Least developed countries: UN classification,42.9590922927685
LDC,2015,Least developed countries: UN classification,43.3221375421379
LMY,2022,Low & middle income,316.043878156198
LMY,2021,Low & middle income,294.08380079348
LMY,2020,Low & middle income,257.634441231645
LMY,2019,Low & middle income,254.897084539971
LMY,2018,Low & middle income,247.563186267847
LMY,2017,Low & middle income,238.771171935944
LMY,2016,Low & middle income,222.158445160031
LMY,2015,Low & middle income,224.760780516504
,2022,Low income,40.264442766294
,2021,Low income,39.4801184496002
,2020,Low income,38.1835986575097
,2019,Low income,37.3740646399076
,2018,Low income,41.2757082606932
,2017,Low income,39.3261908981925
,2016,Low income,40.4630094105479
,2015,Low income,43.1027502782888
,2022,Lower middle income,93.7196113288266
,2021,Lower middle income,92.1974000455066
,2020,Lower middle income,78.5818977396645
,2019,Lower middle income,76.1863248288914
,2018,Lower middle income,72.5729264603139
,2017,Lower middle income,71.0906165867165
,2016,Lower middle income,73.2226529518626
,2015,Lower middle income,73.7235706764528
MEA,2022,"Middle East, North Africa, Afghanistan & Pakistan",304.783955176052
MEA,2021,"Middle East, North Africa, Afghanistan & Pakistan",294.888636725992
MEA,2020,"Middle East, North Africa, Afghanistan & Pakistan",277.315342121298
MEA,2019,"Middle East, North Africa, Afghanistan & Pakistan",276.604898950364
MEA,2018,"Middle East, North Africa, Afghanistan & Pakistan",277.246934086199
MEA,2017,"Middle East, North Africa, Afghanistan & Pakistan",287.67052775355
MEA,2016,"Middle East, North Africa, Afghanistan & Pakistan",280.363793333504
MEA,2015,"Middle East, North Africa, Afghanistan & Pakistan",275.945184678584
MNA,2022,"Middle East, North Africa, Afghanistan & Pakistan (excluding high income)",137.178960567695
MNA,2021,"Middle East, North Africa, Afghanistan & Pakistan (excluding high income)",132.824474109095
MNA,2020,"Middle East, North Africa, Afghanistan & Pakistan (excluding high income)",125.750005425982
MNA,2019,"Middle East, North Africa, Afghanistan & Pakistan (excluding high income)",135.944696475486
MNA,2018,"Middle East, North Africa, Afghanistan & Pakistan (excluding high income)",139.902719650037
MNA,2017,"Middle East, North Africa, Afghanistan & Pakistan (excluding high income)",159.087335046839
MNA,2016,"Middle East, North Africa, Afghanistan & Pakistan (excluding high income)",158.319363742984
MNA,2015,"Middle East, North Africa, Afghanistan & Pakistan (excluding high income)",159.772759933662
TMN,2022,"Middle East, North Africa, Afghanistan & Pakistan (IDA & IBRD)",135.665737678531
TMN,2021,"Middle East, North Africa, Afghanistan & Pakistan (IDA & IBRD)",131.194717308625
TMN,2020,"Middle East, North Africa, Afghanistan & Pakistan (IDA & IBRD)",124.429475733351
TMN,2019,"Middle East, North Africa, Afghanistan & Pakistan (IDA & IBRD)",134.686334431318
TMN,2018,"Middle East, North Africa, Afghanistan & Pakistan (IDA & IBRD)",138.635536441969
TMN,2017,"Middle East, North Africa, Afghanistan & Pakistan (IDA & IBRD)",158.055271163238
TMN,2016,"Middle East, North Africa, Afghanistan & Pakistan (IDA & IBRD)",157.358811613511
TMN,2015,"Middle East, North Africa, Afghanistan & Pakistan (IDA & IBRD)",158.912484998384
MIC,2022,Middle income,342.95024163684
MIC,2021,Middle income,318.264856128467
MIC,2020,Middle income,278.028834899963
MIC,2019,Middle income,274.712114778933
MIC,2018,Middle income,265.987847346793
MIC,2017,Middle income,256.260510707714
MIC,2016,Middle income,237.467960040313
MIC,2015,Middle income,239.811133328267
NAC,2022,North America,11924.9482795516
NAC,2021,North America,11505.0803780518
NAC,2020,North America,11030.9209909969
NAC,2019,North America,9992.72741968316
NAC,2018,North America,9660.53793736176
NAC,2017,North America,9326.7061287435
NAC,2016,North America,9045.88220949926
NAC,2015,North America,8747.32526885579
,2022,Not classified,
,2021,Not classified,
,2020,Not classified,
,2019,Not classified,
,2018,Not classified,
,2017,Not classified,
,2016,Not classified,
,2015,Not classified,
OED,2022,OECD members,5630.20991147519
OED,2021,OECD members,5716.25796282394
OED,2020,OECD members,5299.92618302278
OED,2019,OECD members,4885.84420821771
OED,2018,OECD members,4804.51632111085
OED,2017,OECD members,4593.86381924679
OED,2016,OECD members,4448.93866849179
OED,2015,OECD members,4326.51785551982
OSS,2022,Other small states,1117.93956877042
OSS,2021,Other small states,1150.97538567959
OSS,2020,Other small states,989.041056411903
OSS,2019,Other small states,930.960863900857
OSS,2018,Other small states,915.684368930563
OSS,2017,Other small states,833.968543908001
OSS,2016,Other small states,761.486513338512
OSS,2015,Other small states,717.47568606246
PSS,2022,Pacific island small states,228.226159867358
PSS,2021,Pacific island small states,265.263233002078
PSS,2020,Pacific island small states,227.820353598018
PSS,2019,Pacific island small states,226.264029255156
PSS,2018,Pacific island small states,217.726443231222
PSS,2017,Pacific island small states,189.672446994708
PSS,2016,Pacific island small states,185.426164810969
PSS,2015,Pacific island small states,177.995108423985
PST,2022,Post-demographic dividend,7086.35860844432
PST,2021,Post-demographic dividend,6913.69592372794
PST,2020,Post-demographic dividend,6358.7532460111
PST,2019,Post-demographic dividend,5831.5049491759
PST,2018,Post-demographic dividend,5718.61654875138
PST,2017,Post-demographic dividend,5452.60576015147
PST,2016,Post-demographic dividend,5275.02185983775
PST,2015,Post-demographic dividend,5112.93939182764
PRE,2022,Pre-demographic dividend,68.618036868196
PRE,2021,Pre-demographic dividend,64.8298965758647
PRE,2020,Pre-demographic dividend,58.8310015075304
PRE,2019,Pre-demographic dividend,57.5665965601012
PRE,2018,Pre-demographic dividend,56.1474575977068
PRE,2017,Pre-demographic dividend,57.5054612424601
PRE,2016,Pre-demographic dividend,59.5341657270865
PRE,2015,Pre-demographic dividend,61.863886486829
SST,2022,Small states,953.147727709784
SST,2021,Small states,964.438696145428
SST,2020,Small states,843.402903978223
SST,2019,Small states,811.643543754382
SST,2018,Small states,793.866190378651
SST,2017,Small states,737.742913227614
SST,2016,Small states,681.723000451672
SST,2015,Small states,654.350530128462
SAS,2022,South Asia,79.9919658936364
SAS,2021,South Asia,75.4653344021482
SAS,2020,South Asia,63.7995398712069
SAS,2019,South Asia,60.4097547940249
SAS,2018,South Asia,57.6271937496546
SAS,2017,South Asia,56.5030929296534
SAS,2016,South Asia,58.8470714953936
SAS,2015,South Asia,56.7417052203768
TSA,2022,South Asia (IDA & IBRD),79.9919658936364
TSA,2021,South Asia (IDA & IBRD),75.4653344021483
TSA,2020,South Asia (IDA & IBRD),63.7995398712069
TSA,2019,South Asia (IDA & IBRD),60.4097547940249
TSA,2018,South Asia (IDA & IBRD),57.6271937496546
TSA,2017,South Asia (IDA & IBRD),56.5030929296534
TSA,2016,South Asia (IDA & IBRD),58.8470714953936
TSA,2015,South Asia (IDA & IBRD),56.7417052203767
SSF,2022,Sub-Saharan Africa,84.9160346502374
SSF,2021,Sub-Saharan Africa,84.359470788382
SSF,2020,Sub-Saharan Africa,74.6171611090391
SSF,2019,Sub-Saharan Africa,75.7445621300365
SSF,2018,Sub-Saharan Africa,76.2472930515128
SSF,2017,Sub-Saharan Africa,77.0775221839637
SSF,2016,Sub-Saharan Africa,75.8011997388691
SSF,2015,Sub-Saharan Africa,82.5137813154486
SSA,2022,Sub-Saharan Africa (excluding high income),91.4200968178127
SSA,2021,Sub-Saharan Africa (excluding high income),90.921044535094
SSA,2020,Sub-Saharan Africa (excluding high income),79.8091601746024
SSA,2019,Sub-Saharan Africa (excluding high income),81.3199149531357
SSA,2018,Sub-Saharan Africa (excluding high income),82.1450924151813
SSA,2017,Sub-Saharan Africa (excluding high income),82.992262511298
SSA,2016,Sub-Saharan Africa (excluding high income),81.6127865235072
SSA,2015,Sub-Saharan Africa (excluding high income),89.2306810136992
TSS,2022,Sub-Saharan Africa (IDA & IBRD countries),84.9160346502374
TSS,2021,Sub-Saharan Africa (IDA & IBRD countries),84.359470788382
TSS,2020,Sub-Saharan Africa (IDA & IBRD countries),74.6171611090391
TSS,2019,Sub-Saharan Africa (IDA & IBRD countries),75.7445621300365
TSS,2018,Sub-Saharan Africa (IDA & IBRD countries),76.2472930515128
TSS,2017,Sub-Saharan Africa (IDA & IBRD countries),77.0775221839637
TSS,2016,Sub-Saharan Africa (IDA & IBRD countries),75.8011997388691
TSS,2015,Sub-Saharan Africa (IDA & IBRD countries),82.5137813154486
,2022,Upper middle income,618.84502765484
,2021,Upper middle income,562.458265915243
,2020,Upper middle income,490.756350456569
,2019,Upper middle income,484.744327339184
,2018,Upper middle income,469.164613997604
,2017,Upper middle income,449.474774886222
,2016,Upper middle income,407.718437073648
,2015,Upper middle income,410.7770377216
WLD,2022,World,1266.05555280828
WLD,2021,World,1257.47391628473
WLD,2020,World,1159.57285311227
WLD,2019,World,1084.49306439097
WLD,2018,World,1067.38348710474
WLD,2017,World,1028.32715827253
WLD,2016,World,991.696392078189
WLD,2015,World,974.639926406342
AFG,2022,Afghanistan,80.6516037
AFG,2021,Afghanistan,81.52112579
AFG,2020,Afghanistan,80.0892334
AFG,2019,Afghanistan,74.0642395
AFG,2018,Afghanistan,71.22509003
AFG,2017,Afghanistan,66.82388306
AFG,2016,Afghanistan,61.37234497
AFG,2015,Afghanistan,59.91960526
ALB,2022,Albania,506.86920166
ALB,2021,Albania,465.57043457
ALB,2020,Albania,396.17477417
ALB,2019,Albania,366.34014893
ALB,2018,Albania,349.21127319
ALB,2017,Albania,295.52346802
ALB,2016,Albania,275.43676758
ALB,2015,Albania,253.93347168
DZA,2022,Algeria,180.33454895
DZA,2021,Algeria,208.93911743
DZA,2020,Algeria,211.07240295
DZA,2019,Algeria,242.07049561
DZA,2018,Algeria,271.53808594
DZA,2017,Algeria,270.93231201
DZA,2016,Algeria,265.53491211
DZA,2015,Algeria,296.76834106
ASM,2022,American Samoa,
ASM,2021,American Samoa,
ASM,2020,American Samoa,
ASM,2019,American Samoa,
ASM,2018,American Samoa,
ASM,2017,American Samoa,
ASM,2016,American Samoa,
ASM,2015,American Samoa,
AND,2022,Andorra,3190.11328125
AND,2021,Andorra,3668.44750977
AND,2020,Andorra,3282.02587891
AND,2019,Andorra,3021.078125
AND,2018,Andorra,3159.16162109
AND,2017,Andorra,2876.24194336
AND,2016,Andorra,2785.64599609
AND,2015,Andorra,2672.49731445
AGO,2022,Angola,103.94506073
AGO,2021,Angola,66.94487
AGO,2020,Angola,56.01641846
AGO,2019,Angola,64.4466095
AGO,2018,Angola,83.87555695
AGO,2017,Angola,112.75364685
AGO,2016,Angola,94.01481628
AGO,2015,Angola,107.52857208
ATG,2022,Antigua and Barbuda,891.00323486
ATG,2021,Antigua and Barbuda,835.06512451
ATG,2020,Antigua and Barbuda,873.5246582
ATG,2019,Antigua and Barbuda,808.14996338
ATG,2018,Antigua and Barbuda,856.37127686
ATG,2017,Antigua and Barbuda,791.12322998
ATG,2016,Antigua and Barbuda,817.88891602
ATG,2015,Antigua and Barbuda,789.30975342
ARG,2022,Argentina,1415.79577637
ARG,2021,Argentina,1182.15930176
ARG,2020,Argentina,910.9586792
ARG,2019,Argentina,1007.45629883
ARG,2018,Argentina,1195.59973145
ARG,2017,Argentina,1491.11877441
ARG,2016,Argentina,1276.79785156
ARG,2015,Argentina,1523.90979004
ARM,2022,Armenia,674.78619385
ARM,2021,Armenia,595.83544922
ARM,2020,Armenia,535.2723999
ARM,2019,Armenia,533.69952393
ARM,2018,Armenia,428.34579468
ARM,2017,Armenia,409.80145264
ARM,2016,Armenia,359.58227539
ARM,2015,Armenia,365.51950073
ABW,2022,Aruba,
ABW,2021,Aruba,
ABW,2020,Aruba,
ABW,2019,Aruba,
ABW,2018,Aruba,
ABW,2017,Aruba,
ABW,2016,Aruba,
ABW,2015,Aruba,
AUS,2022,Australia,6723.98242188
AUS,2021,Australia,7092.13476563
AUS,2020,Australia,5968.00341797
AUS,2019,Australia,5543.37841797
AUS,2018,Australia,5843.64794922
AUS,2017,Australia,5770.69042969
AUS,2016,Australia,5418.43652344
AUS,2015,Australia,5271.93310547
AUT,2022,Austria,5897.97607422
AUT,2021,Austria,6554.14257813
AUT,2020,Austria,5569.84130859
AUT,2019,Austria,5313.19287109
AUT,2018,Austria,5394.55908203
AUT,2017,Austria,4999.86962891
AUT,2016,Austria,4758.89892578
AUT,2015,Austria,4649.59667969
AZE,2022,Azerbaijan,261.44659424
AZE,2021,Azerbaijan,250.9887085
AZE,2020,Azerbaijan,245.21949768
AZE,2019,Azerbaijan,199.25746155
AZE,2018,Azerbaijan,180.03610229
AZE,2017,Azerbaijan,167.01565552
AZE,2016,Azerbaijan,169.69596863
AZE,2015,Azerbaijan,236.25979614
BHS,2022,"Bahamas, The",2327.20117188
BHS,2021,"Bahamas, The",1946.21960449
BHS,2020,"Bahamas, The",1861.0637207
BHS,2019,"Bahamas, The",1881.40393066
BHS,2018,"Bahamas, The",1875.74035645
BHS,2017,"Bahamas, The",2069.44555664
BHS,2016,"Bahamas, The",1711.60510254
BHS,2015,"Bahamas, The",1588.57775879
BHR,2022,Bahrain,1178.80664063
BHR,2021,Bahrain,1176.92102051
BHR,2020,Bahrain,1101.14025879
BHR,2019,Bahrain,1030.26379395
BHR,2018,Bahrain,1041.8560791
BHR,2017,Bahrain,1080.08898926
BHR,2016,Bahrain,1095.92541504
BHR,2015,Bahrain,1128.24291992
BGD,2022,Bangladesh,56.62142181
BGD,2021,Bangladesh,56.09640121
BGD,2020,Bangladesh,49.0274353
BGD,2019,Bangladesh,45.07677078
BGD,2018,Bangladesh,44.78892899
BGD,2017,Bangladesh,42.17510986
BGD,2016,Bangladesh,39.30647659
BGD,2015,Bangladesh,33.20998764
BRB,2022,Barbados,1302.0592041
BRB,2021,Barbados,1391.49853516
BRB,2020,Barbados,1234.30041504
BRB,2019,Barbados,1168.11938477
BRB,2018,Barbados,1169.35559082
BRB,2017,Barbados,1182.00366211
BRB,2016,Barbados,1181.14257813
BRB,2015,Barbados,1154.62719727
BLR,2022,Belarus,529.01873779
BLR,2021,Belarus,484.03930664
BLR,2020,Belarus,420.43655396
BLR,2019,Belarus,400.11621094
BLR,2018,Belarus,349.99176025
BLR,2017,Belarus,331.94082642
BLR,2016,Belarus,296.94720459
BLR,2015,Belarus,360.91937256
BEL,2022,Belgium,5487.59277344
BEL,2021,Belgium,5847.17333984
BEL,2020,Belgium,5269.40625
BEL,2019,Belgium,5087.45654297
BEL,2018,Belgium,5233.68261719
BEL,2017,Belgium,4827.59326172
BEL,2016,Belgium,4569.640625
BEL,2015,Belgium,4465.45556641
BLZ,2022,Belize,298.01553345
BLZ,2021,Belize,308.93920898
BLZ,2020,Belize,279.10131836
BLZ,2019,Belize,298.14306641
BLZ,2018,Belize,286.83633423
BLZ,2017,Belize,280.71743774
BLZ,2016,Belize,293.09829712
BLZ,2015,Belize,286.78604126
BEN,2022,Benin,37.76291275
BEN,2021,Benin,38.45053101
BEN,2020,Benin,36.62052536
BEN,2019,Benin,33.9457283
BEN,2018,Benin,39.54786301
BEN,2017,Benin,38.75862122
BEN,2016,Benin,36.58565903
BEN,2015,Benin,27.34733391
BMU,2022,Bermuda,
BMU,2021,Bermuda,
BMU,2020,Bermuda,
BMU,2019,Bermuda,
BMU,2018,Bermuda,
BMU,2017,Bermuda,
BMU,2016,Bermuda,
BMU,2015,Bermuda,
BTN,2022,Bhutan,138.00679016
BTN,2021,Bhutan,161.46617126
BTN,2020,Bhutan,134.13723755
BTN,2019,Bhutan,115.71811676
BTN,2018,Bhutan,102.01222992
BTN,2017,Bhutan,103.63583374
BTN,2016,Bhutan,97.42939758
BTN,2015,Bhutan,96.86671448
BOL,2022,Bolivia,260.88070679
BOL,2021,Bolivia,276.20880127
BOL,2020,Bolivia,248.69514465
BOL,2019,Bolivia,241.34619141
BOL,2018,Bolivia,231.18806458
BOL,2017,Bolivia,214.58572388
BOL,2016,Bolivia,207.4511261
BOL,2015,Bolivia,196.25799561
BIH,2022,Bosnia and Herzegovina,667.29681396
BIH,2021,Bosnia and Herzegovina,697.07427979
BIH,2020,Bosnia and Herzegovina,594.8225708
BIH,2019,Bosnia and Herzegovina,546.4508667
BIH,2018,Bosnia and Herzegovina,529.85546875
BIH,2017,Bosnia and Herzegovina,471.32647705
BIH,2016,Bosnia and Herzegovina,450.44155884
BIH,2015,Bosnia and Herzegovina,430.83413696
BWA,2022,Botswana,477.77633667
BWA,2021,Botswana,492.14276123
BWA,2020,Botswana,386.28860474
BWA,2019,Botswana,438.28546143
BWA,2018,Botswana,447.4473877
BWA,2017,Botswana,471.05056763
BWA,2016,Botswana,389.3107605
BWA,2015,Botswana,374.79058838
BRA,2022,Brazil,871.27526855
BRA,2021,Brazil,768.27075195
BRA,2020,Brazil,680.76843262
BRA,2019,Brazil,868.17248535
BRA,2018,Brazil,880.28430176
BRA,2017,Brazil,954.75012207
BRA,2016,Brazil,810.20037842
BRA,2015,Brazil,796.15252686
VGB,2022,British Virgin Islands,
VGB,2021,British Virgin Islands,
VGB,2020,British Virgin Islands,
VGB,2019,British Virgin Islands,
VGB,2018,British Virgin Islands,
VGB,2017,British Virgin Islands,
VGB,2016,British Virgin Islands,
VGB,2015,British Virgin Islands,
BRN,2022,Brunei Darussalam,648.55499268
BRN,2021,Brunei Darussalam,665.87030029
BRN,2020,Brunei Darussalam,658.38983154
BRN,2019,Brunei Darussalam,678.81982422
BRN,2018,Brunei Darussalam,748.69073486
BRN,2017,Brunei Darussalam,636.22973633
BRN,2016,Brunei Darussalam,679.46929932
BRN,2015,Brunei Darussalam,731.04980469
BGR,2022,Bulgaria,1066.69189453
BGR,2021,Bulgaria,1109.10290527
BGR,2020,Bulgaria,906.54833984
BGR,2019,Bulgaria,733.06878662
BGR,2018,Bulgaria,719.78033447
BGR,2017,Bulgaria,647.56402588
BGR,2016,Bulgaria,579.76715088
BGR,2015,Bulgaria,534.21466064
BFA,2022,Burkina Faso,64.38339996
BFA,2021,Burkina Faso,63.59171295
BFA,2020,Burkina Faso,57.17589188
BFA,2019,Burkina Faso,41.06895828
BFA,2018,Burkina Faso,38.48573303
BFA,2017,Burkina Faso,43.37775803
BFA,2016,Burkina Faso,39.50990677
BFA,2015,Burkina Faso,32.3375206
BDI,2022,Burundi,25.52155113
BDI,2021,Burundi,23.11420059
BDI,2020,Burundi,26.21934319
BDI,2019,Burundi,22.2435379
BDI,2018,Burundi,18.67819214
BDI,2017,Burundi,19.16676521
BDI,2016,Burundi,18.59472847
BDI,2015,Burundi,17.67629051
CPV,2022,Cabo Verde,297.08233643
CPV,2021,Cabo Verde,262.42272949
CPV,2020,Cabo Verde,249.71989441
CPV,2019,Cabo Verde,211.24963379
CPV,2018,Cabo Verde,205.5345459
CPV,2017,Cabo Verde,174.43547058
CPV,2016,Cabo Verde,157.39906311
CPV,2015,Cabo Verde,150.28823853
KHM,2022,Cambodia,103.89541626
KHM,2021,Cambodia,137.38909912
KHM,2020,Cambodia,106.79976654
KHM,2019,Cambodia,112.5851059
KHM,2018,Cambodia,91.59080505
KHM,2017,Cambodia,77.97311401
KHM,2016,Cambodia,75.22520447
KHM,2015,Cambodia,70.23264313
CMR,2022,Cameroon,72.12950897
CMR,2021,Cameroon,72.59731293
CMR,2020,Cameroon,66.17185211
CMR,2019,Cameroon,56.79493713
CMR,2018,Cameroon,58.32909393
CMR,2017,Cameroon,56.7457695
CMR,2016,Cameroon,57.99372482
CMR,2015,Cameroon,58.38298035
CAN,2022,Canada,6252.34033203
CAN,2021,Canada,6511.46972656
CAN,2020,Canada,5646.19433594
CAN,2019,Canada,5098.88720703
CAN,2018,Canada,5052.90185547
CAN,2017,Canada,4894.7734375
CAN,2016,Canada,4647.14892578
CAN,2015,Canada,4658.83789063
CYM,2022,Cayman Islands,
CYM,2021,Cayman Islands,
CYM,2020,Cayman Islands,
CYM,2019,Cayman Islands,
CYM,2018,Cayman Islands,
CYM,2017,Cayman Islands,
CYM,2016,Cayman Islands,
CYM,2015,Cayman Islands,
CAF,2022,Central African Republic,47.91523361
CAF,2021,Central African Republic,46.25038147
CAF,2020,Central African Republic,42.63476563
CAF,2019,Central African Republic,35.76099014
CAF,2018,Central African Republic,51.3541069
CAF,2017,Central African Republic,28.81619644
CAF,2016,Central African Republic,21.07796097
CAF,2015,Central African Republic,18.44194221
TCD,2022,Chad,40.17007446
TCD,2021,Chad,37.59156799
TCD,2020,Chad,37.73088074
TCD,2019,Chad,30.23690224
TCD,2018,Chad,31.2043705
TCD,2017,Chad,29.9935894
TCD,2016,Chad,31.96038055
TCD,2015,Chad,33.82092285
CHI,2022,Channel Islands,
CHI,2021,Channel Islands,
CHI,2020,Channel Islands,
CHI,2019,Channel Islands,
CHI,2018,Channel Islands,
CHI,2017,Channel Islands,
CHI,2016,Channel Islands,
CHI,2015,Channel Islands,
CHL,2022,Chile,1541.37927246
CHL,2021,Chile,1576.69287109
CHL,2020,Chile,1270.97814941
CHL,2019,Chile,1348.99401855
CHL,2018,Chile,1430.70263672
CHL,2017,Chile,1353.69274902
CHL,2016,Chile,1167.89306641
CHL,2015,Chile,1122.13378906
CHN,2022,China,755.43597412
CHN,2021,China,670.25897217
CHN,2020,China,582.95092773
CHN,2019,China,538.99157715
CHN,2018,China,504.10980225
CHN,2017,China,439.94006348
CHN,2016,China,398.17489624
CHN,2015,China,393.09768677
COL,2022,Colombia,507.07064819
COL,2021,Colombia,568.84130859
COL,2020,Colombia,464.41998291
COL,2019,Colombia,507.06231689
COL,2018,Colombia,526.11828613
COL,2017,Colombia,497.54016113
COL,2016,Colombia,448.84588623
COL,2015,Colombia,470.099823
COM,2022,Comoros,124.14363861
COM,2021,Comoros,100.50016785
COM,2020,Comoros,89.67817688
COM,2019,Comoros,78.23674774
COM,2018,Comoros,74.89152527
COM,2017,Comoros,75.01337433
COM,2016,Comoros,63.53099442
COM,2015,Comoros,61.16300201
COD,2022,"Congo, Dem. Rep.",24.3800106
COD,2021,"Congo, Dem. Rep.",21.58848572
COD,2020,"Congo, Dem. Rep.",20.5593071
COD,2019,"Congo, Dem. Rep.",19.20812035
COD,2018,"Congo, Dem. Rep.",17.29077148
COD,2017,"Congo, Dem. Rep.",18.14648819
COD,2016,"Congo, Dem. Rep.",19.3114109
COD,2015,"Congo, Dem. Rep.",18.57252884
COG,2022,"Congo, Rep.",53.11892319
COG,2021,"Congo, Rep.",78.60149384
COG,2020,"Congo, Rep.",80.09735107
COG,2019,"Congo, Rep.",58.42106628
COG,2018,"Congo, Rep.",47.310215
COG,2017,"Congo, Rep.",52.29982376
COG,2016,"Congo, Rep.",54.3000145
COG,2015,"Congo, Rep.",57.30290604
CRI,2022,Costa Rica,978.84155273
CRI,2021,Costa Rica,977.14831543
CRI,2020,Costa Rica,969.89099121
CRI,2019,Costa Rica,930.43511963
CRI,2018,Costa Rica,917.31018066
CRI,2017,Costa Rica,867.76733398
CRI,2016,Costa Rica,884.73028564
CRI,2015,Costa Rica,889.3762207
CIV,2022,Cote d'Ivoire,84.89915466
CIV,2021,Cote d'Ivoire,92.39588928
CIV,2020,Cote d'Ivoire,78.97766876
CIV,2019,Cote d'Ivoire,68.30471039
CIV,2018,Cote d'Ivoire,65.87952423
CIV,2017,Cote d'Ivoire,63.77943039
CIV,2016,Cote d'Ivoire,61.85705566
CIV,2015,Cote d'Ivoire,58.43181992
HRV,2022,Croatia,1328.80371094
HRV,2021,Croatia,1423.52905273
HRV,2020,Croatia,1123.37963867
HRV,2019,Croatia,1063.54443359
HRV,2018,Croatia,1045.14904785
HRV,2017,Croatia,919.22418213
HRV,2016,Croatia,851.92492676
HRV,2015,Croatia,803.41619873
CUB,2022,Cuba,
CUB,2021,Cuba,
CUB,2020,Cuba,1199.35327148
CUB,2019,Cuba,1023.39715576
CUB,2018,Cuba,981.90283203
CUB,2017,Cuba,987.81030273
CUB,2016,Cuba,990.92346191
CUB,2015,Cuba,991.08496094
CUW,2022,Curacao,
CUW,2021,Curacao,
CUW,2020,Curacao,
CUW,2019,Curacao,
CUW,2018,Curacao,
CUW,2017,Curacao,
CUW,2016,Curacao,
CUW,2015,Curacao,
CYP,2022,Cyprus,2748.6159668
CYP,2021,Cyprus,2947.81494141
CYP,2020,Cyprus,2443.37207031
CYP,2019,Cyprus,2059.45019531
CYP,2018,Cyprus,1987.69470215
CYP,2017,Cyprus,1742.67626953
CYP,2016,Cyprus,1619.91918945
CYP,2015,Cyprus,1570.54638672
CZE,2022,Czechia,2431.08496094
CZE,2021,Czechia,2538.03344727
CZE,2020,Czechia,2106.28027344
CZE,2019,Czechia,1805.44030762
CZE,2018,Czechia,1750.81188965
CZE,2017,Czechia,1516.75012207
CZE,2016,Czechia,1374.9005127
CZE,2015,Czechia,1308.8013916
DNK,2022,Denmark,6451.19433594
DNK,2021,Denmark,7429.99023438
DNK,2020,Denmark,6520.65771484
DNK,2019,Denmark,6049.93408203
DNK,2018,Denmark,6219.12988281
DNK,2017,Denmark,5817.42529297
DNK,2016,Denmark,5603.75830078
DNK,2015,Denmark,5508.53369141
DJI,2022,Djibouti,79.13184357
DJI,2021,Djibouti,86.88237762
DJI,2020,Djibouti,66.53086853
DJI,2019,Djibouti,68.4744873
DJI,2018,Djibouti,68.79101563
DJI,2017,Djibouti,64.94396973
DJI,2016,Djibouti,68.82745361
DJI,2015,Djibouti,79.54257965
DMA,2022,Dominica,542.53948975
DMA,2021,Dominica,521.41455078
DMA,2020,Dominica,452.65899658
DMA,2019,Dominica,465.63766479
DMA,2018,Dominica,503.34179688
DMA,2017,Dominica,415.87072754
DMA,2016,Dominica,424.15756226
DMA,2015,Dominica,396.23742676
DOM,2022,Dominican Republic,469.34915161
DOM,2021,Dominican Republic,433.89172363
DOM,2020,Dominican Republic,354.25689697
DOM,2019,Dominican Republic,357.44137573
DOM,2018,Dominican Republic,332.47702026
DOM,2017,Dominican Republic,329.54168701
DOM,2016,Dominican Republic,328.36526489
DOM,2015,Dominican Republic,322.04864502
ECU,2022,Ecuador,495.30380249
ECU,2021,Ecuador,507.65136719
ECU,2020,Ecuador,470.20355225
ECU,2019,Ecuador,484.54037476
ECU,2018,Ecuador,493.82693481
ECU,2017,Ecuador,469.04544067
ECU,2016,Ecuador,449.03869629
ECU,2015,Ecuador,464.22186279
EGY,2022,"Egypt, Arab Rep.",171.67852783
EGY,2021,"Egypt, Arab Rep.",176.93664551
EGY,2020,"Egypt, Arab Rep.",148.35269165
EGY,2019,"Egypt, Arab Rep.",142.69670105
EGY,2018,"Egypt, Arab Rep.",118.01481628
EGY,2017,"Egypt, Arab Rep.",106.00288391
EGY,2016,"Egypt, Arab Rep.",142.61845398
EGY,2015,"Egypt, Arab Rep.",170.25532532
SLV,2022,El Salvador,500.20321655
SLV,2021,El Salvador,470.14025879
SLV,2020,El Salvador,357.78799438
SLV,2019,El Salvador,380.53384399
SLV,2018,El Salvador,348.18817139
SLV,2017,El Salvador,338.60742188
SLV,2016,El Salvador,339.97875977
SLV,2015,El Salvador,331.96725464
GNQ,2022,Equatorial Guinea,215.32841492
GNQ,2021,Equatorial Guinea,243.81242371
GNQ,2020,Equatorial Guinea,213.59317017
GNQ,2019,Equatorial Guinea,223.14128113
GNQ,2018,Equatorial Guinea,240.49389648
GNQ,2017,Equatorial Guinea,223.4354248
GNQ,2016,Equatorial Guinea,221.49227905
GNQ,2015,Equatorial Guinea,222.81713867
ERI,2022,Eritrea,27.0898056
ERI,2021,Eritrea,27.58759499
ERI,2020,Eritrea,27.66697884
ERI,2019,Eritrea,28.42930794
ERI,2018,Eritrea,26.68201256
ERI,2017,Eritrea,25.10270691
ERI,2016,Eritrea,26.00592422
ERI,2015,Eritrea,29.22208977
EST,2022,Estonia,1998.74523926
EST,2021,Estonia,2091.15649414
EST,2020,Estonia,1789.03417969
EST,2019,Estonia,1599.3503418
EST,2018,Estonia,1553.43347168
EST,2017,Estonia,1350.12646484
EST,2016,Estonia,1226.0859375
EST,2015,Estonia,1156.20275879
SWZ,2022,Eswatini,284.75802612
SWZ,2021,Eswatini,297.72213745
SWZ,2020,Eswatini,236.99609375
SWZ,2019,Eswatini,320.05084229
SWZ,2018,Eswatini,292.33929443
SWZ,2017,Eswatini,265.50152588
SWZ,2016,Eswatini,226.41770935
SWZ,2015,Eswatini,250.71520996
ETH,2022,Ethiopia,27.06845474
ETH,2021,Ethiopia,26.06931114
ETH,2020,Ethiopia,28.28001595
ETH,2019,Ethiopia,25.93511963
ETH,2018,Ethiopia,23.5205574
ETH,2017,Ethiopia,24.18239403
ETH,2016,Ethiopia,24.34373283
ETH,2015,Ethiopia,23.21817207
FRO,2022,Faroe Islands,
FRO,2021,Faroe Islands,
FRO,2020,Faroe Islands,
FRO,2019,Faroe Islands,
FRO,2018,Faroe Islands,
FRO,2017,Faroe Islands,
FRO,2016,Faroe Islands,
FRO,2015,Faroe Islands,
FJI,2022,Fiji,217.15068054
FJI,2021,Fiji,331.58413696
FJI,2020,Fiji,256.25967407
FJI,2019,Fiji,254.83047485
FJI,2018,Fiji,249.86022949
FJI,2017,Fiji,185.69645691
FJI,2016,Fiji,175.91635132
FJI,2015,Fiji,169.47518921
FIN,2022,Finland,4902.0390625
FIN,2021,Finland,5261.90966797
FIN,2020,Finland,4736.21435547
FIN,2019,Finland,4459.9296875
FIN,2018,Finland,4521.27636719
FIN,2017,Finland,4235.75488281
FIN,2016,Finland,4108.73974609
FIN,2015,Finland,4128.20751953
FRA,2022,France,4857.73388672
FRA,2021,France,5364.89746094
FRA,2020,France,4760.08251953
FRA,2019,France,4519.98583984
FRA,2018,France,4692.99511719
FRA,2017,France,4436.63720703
FRA,2016,France,4289.34716797
FRA,2015,France,4226.62646484
PYF,2022,French Polynesia,
PYF,2021,French Polynesia,
PYF,2020,French Polynesia,
PYF,2019,French Polynesia,
PYF,2018,French Polynesia,
PYF,2017,French Polynesia,
PYF,2016,French Polynesia,
PYF,2015,French Polynesia,
GAB,2022,Gabon,243.09941101
GAB,2021,Gabon,228.46922302
GAB,2020,Gabon,227.2480011
GAB,2019,Gabon,205.99945068
GAB,2018,Gabon,209.28697205
GAB,2017,Gabon,192.47543335
GAB,2016,Gabon,207.50273132
GAB,2015,Gabon,187.27270508
GMB,2022,"Gambia, The",29.57811737
GMB,2021,"Gambia, The",29.77283478
GMB,2020,"Gambia, The",28.9169693
GMB,2019,"Gambia, The",23.21861267
GMB,2018,"Gambia, The",22.17474365
GMB,2017,"Gambia, The",21.55331612
GMB,2016,"Gambia, The",20.77086067
GMB,2015,"Gambia, The",19.67725563
GEO,2022,Georgia,546.22503662
GEO,2021,Georgia,524.32415771
GEO,2020,Georgia,389.42260742
GEO,2019,Georgia,339.86679077
GEO,2018,Georgia,365.91583252
GEO,2017,Georgia,377.92520142
GEO,2016,Georgia,369.51849365
GEO,2015,Georgia,347.71783447
DEU,2022,Germany,6226.14208984
DEU,2021,Germany,6653.58349609
DEU,2020,Germany,5906.80615234
DEU,2019,Germany,5447.31787109
DEU,2018,Germany,5473.55712891
DEU,2017,Germany,5039.35302734
DEU,2016,Germany,4723.32421875
DEU,2015,Germany,4605.59033203
GHA,2022,Ghana,82.32108307
GHA,2021,Ghana,94.40388489
GHA,2020,Ghana,97.37677765
GHA,2019,Ghana,71.14958191
GHA,2018,Ghana,53.37788773
GHA,2017,Ghana,54.10602188
GHA,2016,Ghana,64.86400604
GHA,2015,Ghana,78.21643066
GIB,2022,Gibraltar,
GIB,2021,Gibraltar,
GIB,2020,Gibraltar,
GIB,2019,Gibraltar,
GIB,2018,Gibraltar,
GIB,2017,Gibraltar,
GIB,2016,Gibraltar,
GIB,2015,Gibraltar,
GRC,2022,Greece,1768.11071777
GRC,2021,Greece,1846.37304688
GRC,2020,Greece,1674.78417969
GRC,2019,Greece,1569.02844238
GRC,2018,Greece,1603.07788086
GRC,2017,Greece,1509.78442383
GRC,2016,Greece,1513.25939941
GRC,2015,Greece,1481.41967773
GRL,2022,Greenland,
GRL,2021,Greenland,
GRL,2020,Greenland,
GRL,2019,Greenland,
GRL,2018,Greenland,
GRL,2017,Greenland,
GRL,2016,Greenland,
GRL,2015,Greenland,
GRD,2022,Grenada,526.35113525
GRD,2021,Grenada,508.09500122
GRD,2020,Grenada,475.83853149
GRD,2019,Grenada,515.94726563
GRD,2018,Grenada,462.2394104
GRD,2017,Grenada,454.07266235
GRD,2016,Grenada,409.27841187
GRD,2015,Grenada,404.00680542
GUM,2022,Guam,
GUM,2021,Guam,
GUM,2020,Guam,
GUM,2019,Guam,
GUM,2018,Guam,
GUM,2017,Guam,
GUM,2016,Guam,
GUM,2015,Guam,
GTM,2022,Guatemala,384.06158447
GTM,2021,Guatemala,361.51858521
GTM,2020,Guatemala,289.21640015
GTM,2019,Guatemala,278.59024048
GTM,2018,Guatemala,265.81820679
GTM,2017,Guatemala,265.36593628
GTM,2016,Guatemala,246.4538269
GTM,2015,Guatemala,233.8447876
GIN,2022,Guinea,53.2922287
GIN,2021,Guinea,44.10476303
GIN,2020,Guinea,41.1027565
GIN,2019,Guinea,42.16910172
GIN,2018,Guinea,34.88978195
GIN,2017,Guinea,32.63646317
GIN,2016,Guinea,38.42609406
GIN,2015,Guinea,43.41540527
GNB,2022,Guinea-Bissau,68.01049042
GNB,2021,Guinea-Bissau,70.21189117
GNB,2020,Guinea-Bissau,67.88795471
GNB,2019,Guinea-Bissau,53.98390961
GNB,2018,Guinea-Bissau,58.87445068
GNB,2017,Guinea-Bissau,54.8225174
GNB,2016,Guinea-Bissau,56.60805511
GNB,2015,Guinea-Bissau,52.45866776
GUY,2022,Guyana,452.23754883
GUY,2021,Guyana,457.86633301
GUY,2020,Guyana,364.20135498
GUY,2019,Guyana,314.0977478
GUY,2018,Guyana,296.66903687
GUY,2017,Guyana,266.86364746
GUY,2016,Guyana,235.91662598
GUY,2015,Guyana,226.89404297
HTI,2022,Haiti,52.28417587
HTI,2021,Haiti,59.89406204
HTI,2020,Haiti,52.2158699
HTI,2019,Haiti,49.32995987
HTI,2018,Haiti,62.30102539
HTI,2017,Haiti,53.80579758
HTI,2016,Haiti,60.06819153
HTI,2015,Haiti,68.50547791
HND,2022,Honduras,244.90408325
HND,2021,Honduras,253.63349915
HND,2020,Honduras,212.7419281
HND,2019,Honduras,183.75006104
HND,2018,Honduras,178.1494751
HND,2017,Honduras,169.07194519
HND,2016,Honduras,177.8835144
HND,2015,Honduras,169.97198486
HKG,2022,"Hong Kong SAR, China",
HKG,2021,"Hong Kong SAR, China",
HKG,2020,"Hong Kong SAR, China",
HKG,2019,"Hong Kong SAR, China",
HKG,2018,"Hong Kong SAR, China",
HKG,2017,"Hong Kong SAR, China",
HKG,2016,"Hong Kong SAR, China",
HKG,2015,"Hong Kong SAR, China",
HUN,2022,Hungary,1228.00231934
HUN,2021,Hungary,1392.97460938
HUN,2020,Hungary,1182.54138184
HUN,2019,Hungary,1062.15869141
HUN,2018,Hungary,1087.64611816
HUN,2017,Hungary,990.90808105
HUN,2016,Hungary,918.94506836
HUN,2015,Hungary,874.04138184
ISL,2022,Iceland,6851.62939453
ISL,2021,Iceland,6722.421875
ISL,2020,Iceland,5692.89111328
ISL,2019,Iceland,5912.00976563
ISL,2018,Iceland,6280.03857422
ISL,2017,Iceland,5992.05322266
ISL,2016,Iceland,5053.51757813
ISL,2015,Iceland,4303.84179688
IND,2022,India,81.50888824
IND,2021,India,75.54971313
IND,2020,India,63.83099747
IND,2019,India,60.6913681
IND,2018,India,57.46551132
IND,2017,India,56.66844559
IND,2016,India,59.72652817
IND,2015,India,58.12401581
IDN,2022,Indonesia,127.44384766
IDN,2021,Indonesia,158.89761353
IDN,2020,Indonesia,131.8225708
IDN,2019,Indonesia,118.22380829
IDN,2018,Indonesia,110.71585846
IDN,2017,Indonesia,110.32610321
IDN,2016,Indonesia,106.40021515
IDN,2015,Indonesia,96.15701294
IRN,2022,"Iran, Islamic Rep.",250.23272705
IRN,2021,"Iran, Islamic Rep.",196.66934204
IRN,2020,"Iran, Islamic Rep.",184.90914917
IRN,2019,"Iran, Islamic Rep.",223.64257813
IRN,2018,"Iran, Islamic Rep.",244.21661377
IRN,2017,"Iran, Islamic Rep.",457.22549438
IRN,2016,"Iran, Islamic Rep.",433.9196167
IRN,2015,"Iran, Islamic Rep.",423.28967285
IRQ,2022,Iraq,283.17074585
IRQ,2021,Iraq,251.59538269
IRQ,2020,Iraq,248.04725647
IRQ,2019,Iraq,241.73873901
IRQ,2018,Iraq,232.86825562
IRQ,2017,Iraq,197.23654175
IRQ,2016,Iraq,199.88560486
IRQ,2015,Iraq,149.07951355
IRL,2022,Ireland,6407.92333984
IRL,2021,Ireland,6754.07519531
IRL,2020,Ireland,6073.10546875
IRL,2019,Ireland,5454.31152344
IRL,2018,Ireland,5494.98632813
IRL,2017,Ireland,5023.51123047
IRL,2016,Ireland,4746.93701172
IRL,2015,Ireland,4575.84912109
IMN,2022,Isle of Man,
IMN,2021,Isle of Man,
IMN,2020,Isle of Man,
IMN,2019,Isle of Man,
IMN,2018,Isle of Man,
IMN,2017,Isle of Man,
IMN,2016,Isle of Man,
IMN,2015,Isle of Man,
ISR,2022,Israel,4107.72998047
ISR,2021,Israel,4294.18847656
ISR,2020,Israel,3616.50219727
ISR,2019,Israel,3335.24511719
ISR,2018,Israel,3199.41625977
ISR,2017,Israel,3074.44604492
ISR,2016,Israel,2783.82495117
ISR,2015,Israel,2645.78857422
ITA,2022,Italy,3154.57104492
ITA,2021,Italy,3414.57299805
ITA,2020,Italy,3058.90014648
ITA,2019,Italy,2908.83154297
ITA,2018,Italy,3031.46459961
ITA,2017,Italy,2851.28686523
ITA,2016,Italy,2735.27783203
ITA,2015,Italy,2707.43310547
JAM,2022,Jamaica,521.12023926
JAM,2021,Jamaica,413.36227417
JAM,2020,Jamaica,364.76513672
JAM,2019,Jamaica,390.79431152
JAM,2018,Jamaica,381.47775269
JAM,2017,Jamaica,367.35095215
JAM,2016,Jamaica,330.15463257
JAM,2015,Jamaica,334.89901733
JPN,2022,Japan,4201.79248047
JPN,2021,Japan,4843.94433594
JPN,2020,Japan,4581.60986328
JPN,2019,Japan,4431.29980469
JPN,2018,Japan,4265.77929688
JPN,2017,Japan,4135.24316406
JPN,2016,Japan,4194.22802734
JPN,2015,Japan,3754.18115234
JOR,2022,Jordan,334.387146
JOR,2021,Jordan,322.01589966
JOR,2020,Jordan,303.4822998
JOR,2019,Jordan,294.92785645
JOR,2018,Jordan,289.47106934
JOR,2017,Jordan,289.04656982
JOR,2016,Jordan,278.13378906
JOR,2015,Jordan,301.63067627
KAZ,2022,Kazakhstan,421.60028076
KAZ,2021,Kazakhstan,391.81536865
KAZ,2020,Kazakhstan,329.57086182
KAZ,2019,Kazakhstan,263.61331177
KAZ,2018,Kazakhstan,266.92147827
KAZ,2017,Kazakhstan,272.98272705
KAZ,2016,Kazakhstan,255.84049988
KAZ,2015,Kazakhstan,310.01428223
KEN,2022,Kenya,91.18416595
KEN,2021,Kenya,94.20249176
KEN,2020,Kenya,86.5921936
KEN,2019,Kenya,85.64528656
KEN,2018,Kenya,75.27681732
KEN,2017,Kenya,66.46552277
KEN,2016,Kenya,73.88768005
KEN,2015,Kenya,70.94755554
KIR,2022,Kiribati,217.68276978
KIR,2021,Kiribati,263.09573364
KIR,2020,Kiribati,239.24353027
KIR,2019,Kiribati,177.93025208
KIR,2018,Kiribati,208.73831177
KIR,2017,Kiribati,179.57881165
KIR,2016,Kiribati,157.72897339
KIR,2015,Kiribati,118.3345871
PRK,2022,"Korea, Dem. People's Rep.",
PRK,2021,"Korea, Dem. People's Rep.",
PRK,2020,"Korea, Dem. People's Rep.",
PRK,2019,"Korea, Dem. People's Rep.",
PRK,2018,"Korea, Dem. People's Rep.",
PRK,2017,"Korea, Dem. People's Rep.",
PRK,2016,"Korea, Dem. People's Rep.",
PRK,2015,"Korea, Dem. People's Rep.",
KOR,2022,"Korea, Rep.",3078.55151367
KOR,2021,"Korea, Rep.",3125.82714844
KOR,2020,"Korea, Rep.",2699.6640625
KOR,2019,"Korea, Rep.",2602.4831543
KOR,2018,"Korea, Rep.",2523.04003906
KOR,2017,"Korea, Rep.",2258.15307617
KOR,2016,"Korea, Rep.",2042.72949219
KOR,2015,"Korea, Rep.",1950.89575195
XKX,2022,Kosovo,
XKX,2021,Kosovo,
XKX,2020,Kosovo,
XKX,2019,Kosovo,
XKX,2018,Kosovo,
XKX,2017,Kosovo,
XKX,2016,Kosovo,
XKX,2015,Kosovo,
KWT,2022,Kuwait,1683.39929199
KWT,2021,Kuwait,1829.13134766
KWT,2020,Kuwait,1542.72143555
KWT,2019,Kuwait,1643.16491699
KWT,2018,Kuwait,1658.60375977
KWT,2017,Kuwait,1351.72387695
KWT,2016,Kuwait,1292.71984863
KWT,2015,Kuwait,1259.55786133
KGZ,2022,Kyrgyz Republic,88.07954407
KGZ,2021,Kyrgyz Republic,72.58779144
KGZ,2020,Kyrgyz Republic,61.25272751
KGZ,2019,Kyrgyz Republic,61.39657974
KGZ,2018,Kyrgyz Republic,65.34625244
KGZ,2017,Kyrgyz Republic,76.60479736
KGZ,2016,Kyrgyz Republic,71.52179718
KGZ,2015,Kyrgyz Republic,79.54891205
LAO,2022,Lao PDR,41.34779739
LAO,2021,Lao PDR,68.61697388
LAO,2020,Lao PDR,51.96581268
LAO,2019,Lao PDR,67.57865143
LAO,2018,Lao PDR,57.1708374
LAO,2017,Lao PDR,61.42248535
LAO,2016,Lao PDR,54.3762207
LAO,2015,Lao PDR,52.04236603
LVA,2022,Latvia,1642.47131348
LVA,2021,Latvia,1897.95275879
LVA,2020,Latvia,1313.35412598
LVA,2019,Latvia,1183.1151123
LVA,2018,Latvia,1101.49243164
LVA,2017,Latvia,932.50158691
LVA,2016,Latvia,874.79772949
LVA,2015,Latvia,775.86431885
LBN,2022,Lebanon,230.39093018
LBN,2021,Lebanon,189.8581543
LBN,2020,Lebanon,303.48632813
LBN,2019,Lebanon,798.13421631
LBN,2018,Lebanon,740.38696289
LBN,2017,Lebanon,671.77996826
LBN,2016,Lebanon,640.96563721
LBN,2015,Lebanon,572.07220459
LSO,2022,Lesotho,133.32562256
LSO,2021,Lesotho,115.81448364
LSO,2020,Lesotho,96.84536743
LSO,2019,Lesotho,235.94372559
LSO,2018,Lesotho,130.93614197
LSO,2017,Lesotho,115.43321228
LSO,2016,Lesotho,91.0127182
LSO,2015,Lesotho,104.59999847
LBR,2022,Liberia,100.49607086
LBR,2021,Liberia,88.54867554
LBR,2020,Liberia,76.11009979
LBR,2019,Liberia,51.1932373
LBR,2018,Liberia,68.88298798
LBR,2017,Liberia,67.8789978
LBR,2016,Liberia,67.68016052
LBR,2015,Liberia,68.89793396
LBY,2022,Libya,284.0262146
LBY,2021,Libya,298.84338379
LBY,2020,Libya,472.62240601
LBY,2019,Libya,552.73168945
LBY,2018,Libya,544.88079834
LBY,2017,Libya,466.08538818
LBY,2016,Libya,464.47531128
LBY,2015,Libya,433.06808472
LIE,2022,Liechtenstein,10591.59277344
LIE,2021,Liechtenstein,10912.36132813
LIE,2020,Liechtenstein,10004.52832031
LIE,2019,Liechtenstein,9686.88378906
LIE,2018,Liechtenstein,9736.24316406
LIE,2017,Liechtenstein,9715.07519531
LIE,2016,Liechtenstein,9703.75878906
LIE,2015,Liechtenstein,9639.75195313
LTU,2022,Lithuania,1831.27734375
LTU,2021,Lithuania,1844.33154297
LTU,2020,Lithuania,1511.79626465
LTU,2019,Lithuania,1361.20288086
LTU,2018,Lithuania,1241.38574219
LTU,2017,Lithuania,1073.95800781
LTU,2016,Lithuania,986.13311768
LTU,2015,Lithuania,918.50750732
LUX,2022,Luxembourg,7022.62695313
LUX,2021,Luxembourg,7632.57275391
LUX,2020,Luxembourg,6785.86230469
LUX,2019,Luxembourg,6221.73876953
LUX,2018,Luxembourg,6227.08398438
LUX,2017,Luxembourg,5713.11865234
LUX,2016,Luxembourg,5475.13964844
LUX,2015,Luxembourg,5421.93212891
MAC,2022,"Macao SAR, China",
MAC,2021,"Macao SAR, China",
MAC,2020,"Macao SAR, China",
MAC,2019,"Macao SAR, China",
MAC,2018,"Macao SAR, China",
MAC,2017,"Macao SAR, China",
MAC,2016,"Macao SAR, China",
MAC,2015,"Macao SAR, China",
MDG,2022,Madagascar,15.85809231
MDG,2021,Madagascar,17.17938805
MDG,2020,Madagascar,16.78295326
MDG,2019,Madagascar,15.50084877
MDG,2018,Madagascar,21.12731934
MDG,2017,Madagascar,23.62072182
MDG,2016,Madagascar,24.20793915
MDG,2015,Madagascar,22.29386139
MWI,2022,Malawi,40.03453827
MWI,2021,Malawi,46.41017532
MWI,2020,Malawi,42.37881851
MWI,2019,Malawi,36.91519165
MWI,2018,Malawi,36.70302963
MWI,2017,Malawi,37.60110092
MWI,2016,Malawi,34.0307579
MWI,2015,Malawi,34.97310638
MYS,2022,Malaysia,458.21963501
MYS,2021,Malaysia,476.94366455
MYS,2020,Malaysia,406.52005005
MYS,2019,Malaysia,419.32568359
MYS,2018,Malaysia,409.84710693
MYS,2017,Malaysia,366.36639404
MYS,2016,Malaysia,350.71160889
MYS,2015,Malaysia,368.77331543
MDV,2022,Maldives,883.91467285
MDV,2021,Maldives,901.09185791
MDV,2020,Maldives,845.82440186
MDV,2019,Maldives,880.79962158
MDV,2018,Maldives,833.21575928
MDV,2017,Maldives,961.57415771
MDV,2016,Maldives,1017.99908447
MDV,2015,Maldives,837.47290039
MLI,2022,Mali,31.0949192
MLI,2021,Mali,30.55883217
MLI,2020,Mali,28.20211601
MLI,2019,Mali,31.4089489
MLI,2018,Mali,31.16962242
MLI,2017,Mali,28.49467659
MLI,2016,Mali,27.58086205
MLI,2015,Mali,28.97842216
MLT,2022,Malta,3362.42382813
MLT,2021,Malta,3641.03833008
MLT,2020,Malta,3140.77026367
MLT,2019,Malta,2947.24023438
MLT,2018,Malta,2759.91186523
MLT,2017,Malta,2562.88574219
MLT,2016,Malta,2326.67016602
MLT,2015,Malta,2249.00463867
MHL,2022,Marshall Islands,859.050354
MHL,2021,Marshall Islands,782.16351318
MHL,2020,Marshall Islands,687.02435303
MHL,2019,Marshall Islands,793.66851807
MHL,2018,Marshall Islands,702.8359375
MHL,2017,Marshall Islands,553.06298828
MHL,2016,Marshall Islands,619.35668945
MHL,2015,Marshall Islands,557.35211182
MRT,2022,Mauritania,91.54125977
MRT,2021,Mauritania,73.6309433
MRT,2020,Mauritania,53.89974594
MRT,2019,Mauritania,54.63365555
MRT,2018,Mauritania,49.68307495
MRT,2017,Mauritania,55.22446442
MRT,2016,Mauritania,49.90084076
MRT,2015,Mauritania,57.1233139
MUS,2022,Mauritius,590.91522217
MUS,2021,Mauritius,593.77947998
MUS,2020,Mauritius,541.95184326
MUS,2019,Mauritius,639.18286133
MUS,2018,Mauritius,640.62182617
MUS,2017,Mauritius,594.86120605
MUS,2016,Mauritius,540.39239502
MUS,2015,Mauritius,515.72247314
MEX,2022,Mexico,650.97070313
MEX,2021,Mexico,606.13415527
MEX,2020,Mexico,535.11669922
MEX,2019,Mexico,549.72601318
MEX,2018,Mexico,528.26306152
MEX,2017,Mexico,512.54974365
MEX,2016,Mexico,489.92230225
MEX,2015,Mexico,553.91259766
FSM,2022,"Micronesia, Fed. Sts.",468.53509521
FSM,2021,"Micronesia, Fed. Sts.",399.43988037
FSM,2020,"Micronesia, Fed. Sts.",403.03540039
FSM,2019,"Micronesia, Fed. Sts.",425.28103638
FSM,2018,"Micronesia, Fed. Sts.",428.00738525
FSM,2017,"Micronesia, Fed. Sts.",409.11758423
FSM,2016,"Micronesia, Fed. Sts.",399.77108765
FSM,2015,"Micronesia, Fed. Sts.",362.27624512
MDA,2022,Moldova,394.42373657
MDA,2021,Moldova,403.87823486
MDA,2020,Moldova,305.48913574
MDA,2019,Moldova,283.98425293
MDA,2018,Moldova,276.4697876
MDA,2017,Moldova,243.94540405
MDA,2016,Moldova,171.18476868
MDA,2015,Moldova,186.43643188
MCO,2022,Monaco,7674.09814453
MCO,2021,Monaco,8225.38769531
MCO,2020,Monaco,7582.41552734
MCO,2019,Monaco,7517.25341797
MCO,2018,Monaco,7621.97021484
MCO,2017,Monaco,7101.640625
MCO,2016,Monaco,7157.92578125
MCO,2015,Monaco,7354.13183594
MNG,2022,Mongolia,448.24212646
MNG,2021,Mongolia,330.03753662
MNG,2020,Mongolia,188.77464294
MNG,2019,Mongolia,197.57131958
MNG,2018,Mongolia,188.64115906
MNG,2017,Mongolia,160.4889679
MNG,2016,Mongolia,168.41404724
MNG,2015,Mongolia,165.19296265
MNE,2022,Montenegro,1032.91149902
MNE,2021,Montenegro,1024.2565918
MNE,2020,Montenegro,896.24884033
MNE,2019,Montenegro,754.77441406
MNE,2018,Montenegro,745.7520752
MNE,2017,Montenegro,623.68841553
MNE,2016,Montenegro,604.88665771
MNE,2015,Montenegro,582.18743896
MAR,2022,Morocco,201.81098938
MAR,2021,Morocco,209.57344055
MAR,2020,Morocco,192.04043579
MAR,2019,Morocco,178.73939514
MAR,2018,Morocco,175.70518494
MAR,2017,Morocco,166.8500061
MAR,2016,Morocco,162.21507263
MAR,2015,Morocco,162.85198975
MOZ,2022,Mozambique,47.69813538
MOZ,2021,Mozambique,44.09894943
MOZ,2020,Mozambique,34.92252731
MOZ,2019,Mozambique,41.01906586
MOZ,2018,Mozambique,41.29206467
MOZ,2017,Mozambique,36.75825882
MOZ,2016,Mozambique,31.85357285
MOZ,2015,Mozambique,40.35658646
MMR,2022,Myanmar,57.96875763
MMR,2021,Myanmar,96.86240387
MMR,2020,Myanmar,66.02284241
MMR,2019,Myanmar,53.72147369
MMR,2018,Myanmar,60.83261871
MMR,2017,Myanmar,59.51782608
MMR,2016,Myanmar,59.67910385
MMR,2015,Myanmar,63.62335968
NAM,2022,Namibia,418.53683472
NAM,2021,Namibia,449.95172119
NAM,2020,Namibia,370.81643677
NAM,2019,Namibia,419.14828491
NAM,2018,Namibia,457.6807251
NAM,2017,Namibia,447.95223999
NAM,2016,Namibia,409.78051758
NAM,2015,Namibia,476.50784302
NRU,2022,Nauru,2264.07055664
NRU,2021,Nauru,1636.45788574
NRU,2020,Nauru,1270.52563477
NRU,2019,Nauru,1213.86804199
NRU,2018,Nauru,1220.0769043
NRU,2017,Nauru,1127.47509766
NRU,2016,Nauru,978.48120117
NRU,2015,Nauru,973.30883789
NPL,2022,Nepal,87.34230042
NPL,2021,Nepal,69.1880188
NPL,2020,Nepal,59.07941437
NPL,2019,Nepal,53.61107254
NPL,2018,Nepal,51.16546249
NPL,2017,Nepal,49.63085556
NPL,2016,Nepal,47.1232872
NPL,2015,Nepal,46.49585342
NLD,2022,Netherlands,5967.90429688
NLD,2021,Netherlands,6718.88964844
NLD,2020,Netherlands,5865.90527344
NLD,2019,Netherlands,5340.61279297
NLD,2018,Netherlands,5330.66015625
NLD,2017,Netherlands,4934.57519531
NLD,2016,Netherlands,4644.02099609
NLD,2015,Netherlands,4676.56201172
NCL,2022,New Caledonia,
NCL,2021,New Caledonia,
NCL,2020,New Caledonia,
NCL,2019,New Caledonia,
NCL,2018,New Caledonia,
NCL,2017,New Caledonia,
NCL,2016,New Caledonia,
NCL,2015,New Caledonia,
NZL,2022,New Zealand,5138.33789063
NZL,2021,New Zealand,4749.04199219
NZL,2020,New Zealand,3887.71264648
NZL,2019,New Zealand,3679.59692383
NZL,2018,New Zealand,3706.80273438
NZL,2017,New Zealand,3702.09985352
NZL,2016,New Zealand,3516.93481445
NZL,2015,New Zealand,3433.59643555
NIC,2022,Nicaragua,208.56825256
NIC,2021,Nicaragua,204.21273804
NIC,2020,Nicaragua,165.88038635
NIC,2019,Nicaragua,166.49009705
NIC,2018,Nicaragua,172.9760437
NIC,2017,Nicaragua,181.75810242
NIC,2016,Nicaragua,171.5748291
NIC,2015,Nicaragua,165.18948364
NER,2022,Niger,26.50681686
NER,2021,Niger,35.39406204
NER,2020,Niger,35.75537109
NER,2019,Niger,31.89424324
NER,2018,Niger,30.61364555
NER,2017,Niger,29.09627533
NER,2016,Niger,22.68474007
NER,2015,Niger,25.96905327
NGA,2022,Nigeria,89.62958527
NGA,2021,Nigeria,81.87322235
NGA,2020,Nigeria,67.91384888
NGA,2019,Nigeria,67.6254425
NGA,2018,Nigeria,63.60244751
NGA,2017,Nigeria,70.31814575
NGA,2016,Nigeria,75.52328491
NGA,2015,Nigeria,92.91207123
MKD,2022,North Macedonia,561.69281006
MKD,2021,North Macedonia,636.65447998
MKD,2020,North Macedonia,510.81011963
MKD,2019,North Macedonia,469.47344971
MKD,2018,North Macedonia,426.57290649
MKD,2017,North Macedonia,375.3303833
MKD,2016,North Macedonia,347.44271851
MKD,2015,North Macedonia,322.25213623
MNP,2022,Northern Mariana Islands,
MNP,2021,Northern Mariana Islands,
MNP,2020,Northern Mariana Islands,
MNP,2019,Northern Mariana Islands,
MNP,2018,Northern Mariana Islands,
MNP,2017,Northern Mariana Islands,
MNP,2016,Northern Mariana Islands,
MNP,2015,Northern Mariana Islands,
NOR,2022,Norway,8692.57617188
NOR,2021,Norway,9163.13867188
NOR,2020,Norway,7824.57714844
NOR,2019,Norway,8007.35546875
NOR,2018,Norway,8271.859375
NOR,2017,Norway,7815.78710938
NOR,2016,Norway,7492.07666016
NOR,2015,Norway,7566.56152344
OMN,2022,Oman,712.06097412
OMN,2021,Oman,843.01953125
OMN,2020,Oman,859.24987793
OMN,2019,Oman,730.08325195
OMN,2018,Oman,639.78082275
OMN,2017,Oman,704.6295166
OMN,2016,Oman,714.48864746
OMN,2015,Oman,767.04455566
PAK,2022,Pakistan,38.76602173
PAK,2021,Pakistan,42.79639816
PAK,2020,Pakistan,36.9091301
PAK,2019,Pakistan,36.01374817
PAK,2018,Pakistan,40.09578323
PAK,2017,Pakistan,42.07228851
PAK,2016,Pakistan,36.46934128
PAK,2015,Pakistan,33.99359894
PLW,2022,Palau,2077.734375
PLW,2021,Palau,1931.31152344
PLW,2020,Palau,1938.33837891
PLW,2019,Palau,1928.91564941
PLW,2018,Palau,1809.22070313
PLW,2017,Palau,1775.32849121
PLW,2016,Palau,1704.62316895
PLW,2015,Palau,1554.91186523
PAN,2022,Panama,1572.93017578
PAN,2021,Panama,1417.1541748
PAN,2020,Panama,1358.4498291
PAN,2019,Panama,1339.45153809
PAN,2018,Panama,1227.30554199
PAN,2017,Panama,1126.96154785
PAN,2016,Panama,1056.68481445
PAN,2015,Panama,982.06530762
PNG,2022,Papua New Guinea,81.11356354
PNG,2021,Papua New Guinea,61.02529907
PNG,2020,Papua New Guinea,55.92817688
PNG,2019,Papua New Guinea,59.89566803
PNG,2018,Papua New Guinea,59.04003525
PNG,2017,Papua New Guinea,55.24723816
PNG,2016,Papua New Guinea,53.98646545
PNG,2015,Papua New Guinea,45.18995285
PRY,2022,Paraguay,480.02862549
PRY,2021,Paraguay,480.11322021
PRY,2020,Paraguay,411.81765747
PRY,2019,Paraguay,416.84432983
PRY,2018,Paraguay,422.13101196
PRY,2017,Paraguay,406.60488892
PRY,2016,Paraguay,385.52297974
PRY,2015,Paraguay,393.42440796
PER,2022,Peru,445.10473633
PER,2021,Peru,455.3560791
PER,2020,Peru,399.13800049
PER,2019,Peru,367.98739624
PER,2018,Peru,362.75994873
PER,2017,Peru,332.54321289
PER,2016,Peru,311.33517456
PER,2015,Peru,310.60983276
PHL,2022,Philippines,182.93432617
PHL,2021,Philippines,208.192276
PHL,2020,Philippines,166.61218262
PHL,2019,Philippines,141.6925354
PHL,2018,Philippines,125.27716827
PHL,2017,Philippines,120.32259369
PHL,2016,Philippines,118.05981445
PHL,2015,Philippines,113.4342804
POL,2022,Poland,1219.29125977
POL,2021,Poland,1183.30236816
POL,2020,Poland,1025.98486328
POL,2019,Poland,1014.03820801
POL,2018,Poland,978.73565674
POL,2017,Poland,909.57818604
POL,2016,Poland,816.08618164
POL,2015,Poland,803.95965576
PRT,2022,Portugal,2600.56665039
PRT,2021,Portugal,2764.04296875
PRT,2020,Portugal,2328.35571289
PRT,2019,Portugal,2209.50219727
PRT,2018,Portugal,2206.71240234
PRT,2017,Portugal,1991.32263184
PRT,2016,Portugal,1870.31848145
PRT,2015,Portugal,1787.03759766
PRI,2022,Puerto Rico (US),
PRI,2021,Puerto Rico (US),
PRI,2020,Puerto Rico (US),
PRI,2019,Puerto Rico (US),
PRI,2018,Puerto Rico (US),
PRI,2017,Puerto Rico (US),
PRI,2016,Puerto Rico (US),
PRI,2015,Puerto Rico (US),
QAT,2022,Qatar,1781.50390625
QAT,2021,Qatar,1847.00231934
QAT,2020,Qatar,1967.15197754
QAT,2019,Qatar,2007.51525879
QAT,2018,Qatar,1966.55712891
QAT,2017,Qatar,1911.95361328
QAT,2016,Qatar,2072.06103516
QAT,2015,Qatar,2422.64453125
ROU,2022,Romania,902.2677002
ROU,2021,Romania,963.01287842
ROU,2020,Romania,809.58880615
ROU,2019,Romania,738.5581665
ROU,2018,Romania,687.15411377
ROU,2017,Romania,555.11309814
ROU,2016,Romania,476.24505615
ROU,2015,Romania,442.24038696
RUS,2022,Russian Federation,1082.82104492
RUS,2021,Russian Federation,881.74395752
RUS,2020,Russian Federation,814.94451904
RUS,2019,Russian Federation,650.47058105
RUS,2018,Russian Federation,606.11401367
RUS,2017,Russian Federation,577.06811523
RUS,2016,Russian Federation,463.29275513
RUS,2015,Russian Federation,496.94955444
RWA,2022,Rwanda,57.83102036
RWA,2021,Rwanda,51.64677429
RWA,2020,Rwanda,45.15266418
RWA,2019,Rwanda,39.81322098
RWA,2018,Rwanda,42.11674881
RWA,2017,Rwanda,40.76682663
RWA,2016,Rwanda,43.54212189
RWA,2015,Rwanda,48.81296921
WSM,2022,Samoa,259.95404053
WSM,2021,Samoa,285.65393066
WSM,2020,Samoa,252.77748108
WSM,2019,Samoa,242.91064453
WSM,2018,Samoa,200.40919495
WSM,2017,Samoa,220.82336426
WSM,2016,Samoa,238.35044861
WSM,2015,Samoa,232.50479126
SMR,2022,San Marino,3874.98535156
SMR,2021,San Marino,4033.1027832
SMR,2020,San Marino,3758.609375
SMR,2019,San Marino,3801.21044922
SMR,2018,San Marino,3969.36474609
SMR,2017,San Marino,3672.30322266
SMR,2016,San Marino,3621.23266602
SMR,2015,San Marino,3530.04614258
STP,2022,Sao Tome and Principe,139.02836609
STP,2021,Sao Tome and Principe,187.06524658
STP,2020,Sao Tome and Principe,159.84396362
STP,2019,Sao Tome and Principe,106.86884308
STP,2018,Sao Tome and Principe,108.87628937
STP,2017,Sao Tome and Principe,117.07767487
STP,2016,Sao Tome and Principe,109.73142242
STP,2015,Sao Tome and Principe,85.37828827
SAU,2022,Saudi Arabia,1830.89074707
SAU,2021,Saudi Arabia,1654.74353027
SAU,2020,Saudi Arabia,1574.70068359
SAU,2019,Saudi Arabia,1504.55249023
SAU,2018,Saudi Arabia,1488.9753418
SAU,2017,Saudi Arabia,1400.90356445
SAU,2016,Saudi Arabia,1353.21813965
SAU,2015,Saudi Arabia,1309.27148438
SEN,2022,Senegal,63.44842529
SEN,2021,Senegal,71.12162781
SEN,2020,Senegal,75.16521454
SEN,2019,Senegal,64.33670807
SEN,2018,Senegal,64.37467957
SEN,2017,Senegal,56.49185944
SEN,2016,Senegal,53.90053558
SEN,2015,Senegal,53.32304382
SRB,2022,Serbia,843.57733154
SRB,2021,Serbia,889.09753418
SRB,2020,Serbia,670.03564453
SRB,2019,Serbia,641.04754639
SRB,2018,Serbia,617.08691406
SRB,2017,Serbia,515.84570313
SRB,2016,Serbia,486.42944336
SRB,2015,Serbia,491.25177002
SYC,2022,Seychelles,707.34448242
SYC,2021,Seychelles,629.85974121
SYC,2020,Seychelles,670.88684082
SYC,2019,Seychelles,675.47839355
SYC,2018,Seychelles,685.10827637
SYC,2017,Seychelles,667.09515381
SYC,2016,Seychelles,673.19622803
SYC,2015,Seychelles,566.96704102
SLE,2022,Sierra Leone,41.31875229
SLE,2021,Sierra Leone,44.90049362
SLE,2020,Sierra Leone,47.8861618
SLE,2019,Sierra Leone,48.13619995
SLE,2018,Sierra Leone,44.82733536
SLE,2017,Sierra Leone,47.37737274
SLE,2016,Sierra Leone,84.22316742
SLE,2015,Sierra Leone,118.66024017
SGP,2022,Singapore,3902.14428711
SGP,2021,Singapore,4050.81054688
SGP,2020,Singapore,3541.36450195
SGP,2019,Singapore,2924.24707031
SGP,2018,Singapore,2726.00683594
SGP,2017,Singapore,2673.66210938
SGP,2016,Singapore,2509.92163086
SGP,2015,Singapore,2330.39599609
SXM,2022,Sint Maarten (Dutch part),
SXM,2021,Sint Maarten (Dutch part),
SXM,2020,Sint Maarten (Dutch part),
SXM,2019,Sint Maarten (Dutch part),
SXM,2018,Sint Maarten (Dutch part),
SXM,2017,Sint Maarten (Dutch part),
SXM,2016,Sint Maarten (Dutch part),
SXM,2015,Sint Maarten (Dutch part),
SVK,2022,Slovak Republic,1642.39208984
SVK,2021,Slovak Republic,1684.51550293
SVK,2020,Slovak Republic,1393.62438965
SVK,2019,Slovak Republic,1342.07580566
SVK,2018,Slovak Republic,1299.91125488
SVK,2017,Slovak Republic,1189.07983398
SVK,2016,Slovak Republic,1175.6270752
SVK,2015,Slovak Republic,1108.87817383
SVN,2022,Slovenia,2737.84936523
SVN,2021,Slovenia,2779.56591797
SVN,2020,Slovenia,2417.20874023
SVN,2019,Slovenia,2219.09790039
SVN,2018,Slovenia,2169.57885742
SVN,2017,Slovenia,1925.03466797
SVN,2016,Slovenia,1838.65405273
SVN,2015,Slovenia,1775.86071777
SLB,2022,Solomon Islands,96.74864197
SLB,2021,Solomon Islands,98.80261993
SLB,2020,Solomon Islands,100.99560547
SLB,2019,Solomon Islands,98.67025757
SLB,2018,Solomon Islands,88.03850555
SLB,2017,Solomon Islands,89.29357147
SLB,2016,Solomon Islands,94.32994843
SLB,2015,Solomon Islands,91.08989716
SOM,2022,"Somalia, Fed. Rep.",16.31684875
SOM,2021,"Somalia, Fed. Rep.",15.01879692
SOM,2020,"Somalia, Fed. Rep.",12.79912567
SOM,2019,"Somalia, Fed. Rep.",12.99074364
SOM,2018,"Somalia, Fed. Rep.",12.7819252
SOM,2017,"Somalia, Fed. Rep.",13.51753426
SOM,2016,"Somalia, Fed. Rep.",11.76618958
SOM,2015,"Somalia, Fed. Rep.",14.11613941
ZAF,2022,South Africa,570.48028564
ZAF,2021,South Africa,592.9465332
ZAF,2020,South Africa,503.46759033
ZAF,2019,South Africa,538.80438232
ZAF,2018,South Africa,558.80145264
ZAF,2017,South Africa,527.52026367
ZAF,2016,South Africa,456.56936646
ZAF,2015,South Africa,491.90652466
SSD,2022,South Sudan,48.03352737
SSD,2021,South Sudan,34.78803635
SSD,2020,South Sudan,47.40253067
SSD,2019,South Sudan,35.18021774
SSD,2018,South Sudan,31.12328529
SSD,2017,South Sudan,28.05690956
SSD,2016,South Sudan,
SSD,2015,South Sudan,
ESP,2022,Spain,2948.61474609
ESP,2021,Spain,3188.8515625
ESP,2020,Spain,2942.41943359
ESP,2019,Spain,2756.62109375
ESP,2018,Spain,2784.16308594
ESP,2017,Spain,2564.55834961
ESP,2016,Spain,2378.13598633
ESP,2015,Spain,2383.85302734
LKA,2022,Sri Lanka,130.09327698
LKA,2021,Sri Lanka,202.75497437
LKA,2020,Sri Lanka,159.71383667
LKA,2019,Sri Lanka,147.01193237
LKA,2018,Sri Lanka,154.64622498
LKA,2017,Sri Lanka,142.32518005
LKA,2016,Sri Lanka,145.32496643
LKA,2015,Sri Lanka,144.29077148
KNA,2022,St. Kitts and Nevis,1161.22058105
KNA,2021,St. Kitts and Nevis,1132.58447266
KNA,2020,St. Kitts and Nevis,1067.84997559
KNA,2019,St. Kitts and Nevis,1224.18933105
KNA,2018,St. Kitts and Nevis,1121.13977051
KNA,2017,St. Kitts and Nevis,1186.42663574
KNA,2016,St. Kitts and Nevis,1161.87097168
KNA,2015,St. Kitts and Nevis,1042.15063477
LCA,2022,St. Lucia,622.07244873
LCA,2021,St. Lucia,654.8918457
LCA,2020,St. Lucia,589.63696289
LCA,2019,St. Lucia,506.03204346
LCA,2018,St. Lucia,497.48629761
LCA,2017,St. Lucia,504.96411133
LCA,2016,St. Lucia,479.8744812
LCA,2015,St. Lucia,473.24108887
MAF,2022,St. Martin (French part),
MAF,2021,St. Martin (French part),
MAF,2020,St. Martin (French part),
MAF,2019,St. Martin (French part),
MAF,2018,St. Martin (French part),
MAF,2017,St. Martin (French part),
MAF,2016,St. Martin (French part),
MAF,2015,St. Martin (French part),
VCT,2022,St. Vincent and the Grenadines,437.94085693
VCT,2021,St. Vincent and the Grenadines,454.784729
VCT,2020,St. Vincent and the Grenadines,406.3571167
VCT,2019,St. Vincent and the Grenadines,372.05615234
VCT,2018,St. Vincent and the Grenadines,358.53372192
VCT,2017,St. Vincent and the Grenadines,337.89614868
VCT,2016,St. Vincent and the Grenadines,313.66229248
VCT,2015,St. Vincent and the Grenadines,302.58422852
SDN,2022,Sudan,25.75139618
SDN,2021,Sudan,21.69141006
SDN,2020,Sudan,22.91861534
SDN,2019,Sudan,31.79406929
SDN,2018,Sudan,33.88366699
SDN,2017,Sudan,67.75476837
SDN,2016,Sudan,89.39633942
SDN,2015,Sudan,93.69657135
SUR,2022,Suriname,344.74603271
SUR,2021,Suriname,270.37786865
SUR,2020,Suriname,409.86743164
SUR,2019,Suriname,588.83825684
SUR,2018,Suriname,440.32211304
SUR,2017,Suriname,322.00415039
SUR,2016,Suriname,338.24822998
SUR,2015,Suriname,511.91244507
SWE,2022,Sweden,6022.39257813
SWE,2021,Sweden,6894.20166016
SWE,2020,Sweden,6030.53271484
SWE,2019,Sweden,5688.04492188
SWE,2018,Sweden,6042.13525391
SWE,2017,Sweden,5871.52294922
SWE,2016,Sweden,5719.45996094
SWE,2015,Sweden,5626.04833984
CHE,2022,Switzerland,10930.13964844
CHE,2021,Switzerland,11197.76464844
CHE,2020,Switzerland,10294.578125
CHE,2019,Switzerland,9609.80273438
CHE,2018,Switzerland,9541.07421875
CHE,2017,Switzerland,9354.22070313
CHE,2016,Switzerland,9201.47460938
CHE,2015,Switzerland,9200.10058594
SYR,2022,Syrian Arab Republic,53.26486588
SYR,2021,Syrian Arab Republic,53.4726181
SYR,2020,Syrian Arab Republic,37.03173065
SYR,2019,Syrian Arab Republic,55.2208252
SYR,2018,Syrian Arab Republic,46.24067307
SYR,2017,Syrian Arab Republic,35.57104874
SYR,2016,Syrian Arab Republic,27.40652657
SYR,2015,Syrian Arab Republic,38.17871475
TJK,2022,Tajikistan,78.61326599
TJK,2021,Tajikistan,75.10315704
TJK,2020,Tajikistan,74.17329407
TJK,2019,Tajikistan,60.51568222
TJK,2018,Tajikistan,58.51539993
TJK,2017,Tajikistan,56.85092545
TJK,2016,Tajikistan,54.9213562
TJK,2015,Tajikistan,62.75804901
TZA,2022,Tanzania,35.93323135
TZA,2021,Tanzania,37.53121185
TZA,2020,Tanzania,31.7036171
TZA,2019,Tanzania,39.97783661
TZA,2018,Tanzania,41.27171326
TZA,2017,Tanzania,39.03767014
TZA,2016,Tanzania,36.65267563
TZA,2015,Tanzania,33.27184296
THA,2022,Thailand,369.97647095
THA,2021,Thailand,363.72845459
THA,2020,Thailand,304.3817749
THA,2019,Thailand,288.31097412
THA,2018,Thailand,274.71221924
THA,2017,Thailand,247.08152771
THA,2016,Thailand,229.7849884
THA,2015,Thailand,219.15092468
TLS,2022,Timor-Leste,174.91529846
TLS,2021,Timor-Leste,132.07870483
TLS,2020,Timor-Leste,118.49451447
TLS,2019,Timor-Leste,78.01346588
TLS,2018,Timor-Leste,78.07413483
TLS,2017,Timor-Leste,86.16269684
TLS,2016,Timor-Leste,92.69400787
TLS,2015,Timor-Leste,101.4779892
TGO,2022,Togo,55.79545593
TGO,2021,Togo,52.72237015
TGO,2020,Togo,52.75213242
TGO,2019,Togo,48.85387421
TGO,2018,Togo,52.43610382
TGO,2017,Togo,51.5464592
TGO,2016,Togo,50.8783493
TGO,2015,Togo,46.92110825
TON,2022,Tonga,382.79116821
TON,2021,Tonga,348.79745483
TON,2020,Tonga,262.55459595
TON,2019,Tonga,266.68792725
TON,2018,Tonga,278.49508667
TON,2017,Tonga,246.34036255
TON,2016,Tonga,208.53982544
TON,2015,Tonga,181.91452026
TTO,2022,Trinidad and Tobago,1266.28820801
TTO,2021,Trinidad and Tobago,1170.93859863
TTO,2020,Trinidad and Tobago,1059.72583008
TTO,2019,Trinidad and Tobago,1097.20556641
TTO,2018,Trinidad and Tobago,1080.45397949
TTO,2017,Trinidad and Tobago,1083.37609863
TTO,2016,Trinidad and Tobago,1064.41772461
TTO,2015,Trinidad and Tobago,1061.58666992
TUN,2022,Tunisia,276.46380615
TUN,2021,Tunisia,285.25247192
TUN,2020,Tunisia,250.40145874
TUN,2019,Tunisia,212.60031128
TUN,2018,Tunisia,215.418396
TUN,2017,Tunisia,223.85903931
TUN,2016,Tunisia,240.40258789
TUN,2015,Tunisia,249.46418762
TUR,2022,Turkiye,385.87997437
TUR,2021,Turkiye,431.33978271
TUR,2020,Turkiye,386.2593689
TUR,2019,Turkiye,388.67486572
TUR,2018,Turkiye,380.27835083
TUR,2017,Turkiye,432.13754272
TUR,2016,Turkiye,456.3659668
TUR,2015,Turkiye,444.70803833
TKM,2022,Turkmenistan,579.15454102
TKM,2021,Turkmenistan,471.86325073
TKM,2020,Turkmenistan,420.0083313
TKM,2019,Turkmenistan,432.78118896
TKM,2018,Turkmenistan,411.32562256
TKM,2017,Turkmenistan,410.81082153
TKM,2016,Turkmenistan,376.65567017
TKM,2015,Turkmenistan,362.72949219
TCA,2022,Turks and Caicos Islands,
TCA,2021,Turks and Caicos Islands,
TCA,2020,Turks and Caicos Islands,
TCA,2019,Turks and Caicos Islands,
TCA,2018,Turks and Caicos Islands,
TCA,2017,Turks and Caicos Islands,
TCA,2016,Turks and Caicos Islands,
TCA,2015,Turks and Caicos Islands,
TUV,2022,Tuvalu,1300.46679688
TUV,2021,Tuvalu,1122.39929199
TUV,2020,Tuvalu,899.59460449
TUV,2019,Tuvalu,1138.82617188
TUV,2018,Tuvalu,819.41162109
TUV,2017,Tuvalu,1017.49633789
TUV,2016,Tuvalu,697.99798584
TUV,2015,Tuvalu,451.35287476
UGA,2022,Uganda,44.47286224
UGA,2021,Uganda,51.03484726
UGA,2020,Uganda,44.73381805
UGA,2019,Uganda,33.36559677
UGA,2018,Uganda,32.9515686
UGA,2017,Uganda,31.43818092
UGA,2016,Uganda,39.08125305
UGA,2015,Uganda,40.09843445
UKR,2022,Ukraine,
UKR,2021,Ukraine,369.90487671
UKR,2020,Ukraine,265.07846069
UKR,2019,Ukraine,242.81388855
UKR,2018,Ukraine,217.73760986
UKR,2017,Ukraine,183.69506836
UKR,2016,Ukraine,154.5546875
UKR,2015,Ukraine,154.75454712
ARE,2022,United Arab Emirates,2240.9050293
ARE,2021,United Arab Emirates,2249.96313477
ARE,2020,United Arab Emirates,2154.41113281
ARE,2019,United Arab Emirates,1962.46728516
ARE,2018,United Arab Emirates,1872.58422852
ARE,2017,United Arab Emirates,1695.203125
ARE,2016,United Arab Emirates,1592.91906738
ARE,2015,United Arab Emirates,1479.49743652
GBR,2022,United Kingdom,5111.81738281
GBR,2021,United Kingdom,5645.40136719
GBR,2020,United Kingdom,4865.97802734
GBR,2019,United Kingdom,4260.03222656
GBR,2018,United Kingdom,4233.62988281
GBR,2017,United Kingdom,3938.65234375
GBR,2016,United Kingdom,4043.35253906
GBR,2015,United Kingdom,4470.09228516
USA,2022,United States,12586.19628906
USA,2021,United States,12080.07324219
USA,2020,United States,11648.49511719
USA,2019,United States,10550.22070313
USA,2018,United States,10180.48242188
USA,2017,United States,9822.60644531
USA,2016,United States,9535.60058594
USA,2015,United States,9200.93164063
URY,2022,Uruguay,1850.80737305
URY,2021,Uruguay,1594.98059082
URY,2020,Uruguay,1432.00463867
URY,2019,Uruguay,1692.50195313
URY,2018,Uruguay,1713.26611328
URY,2017,Uruguay,1672.3314209
URY,2016,Uruguay,1469.38964844
URY,2015,Uruguay,1424.8939209
UZB,2022,Uzbekistan,170.64073181
UZB,2021,Uzbekistan,156.44789124
UZB,2020,Uzbekistan,120.29019165
UZB,2019,Uzbekistan,98.6240387
UZB,2018,Uzbekistan,82.53038788
UZB,2017,Uzbekistan,93.4151535
UZB,2016,Uzbekistan,129.82177734
UZB,2015,Uzbekistan,132.60565186
VUT,2022,Vanuatu,136.79508972
VUT,2021,Vanuatu,142.56698608
VUT,2020,Vanuatu,125.41011047
VUT,2019,Vanuatu,112.13746643
VUT,2018,Vanuatu,110.32492065
VUT,2017,Vanuatu,91.04128265
VUT,2016,Vanuatu,88.35998535
VUT,2015,Vanuatu,118.71543121
VEN,2022,"Venezuela, RB",208.66654968
VEN,2021,"Venezuela, RB",162.43952942
VEN,2020,"Venezuela, RB",153.21711731
VEN,2019,"Venezuela, RB",112.72974396
VEN,2018,"Venezuela, RB",164.68154907
VEN,2017,"Venezuela, RB",
VEN,2016,"Venezuela, RB",
VEN,2015,"Venezuela, RB",
VNM,2022,Viet Nam,188.22650146
VNM,2021,Viet Nam,168.09350586
VNM,2020,Viet Nam,153.10160828
VNM,2019,Viet Nam,171.15296936
VNM,2018,Viet Nam,161.97871399
VNM,2017,Viet Nam,147.51425171
VNM,2016,Viet Nam,133.1960144
VNM,2015,Viet Nam,121.43981171
VIR,2022,Virgin Islands (U.S.),
VIR,2021,Virgin Islands (U.S.),
VIR,2020,Virgin Islands (U.S.),
VIR,2019,Virgin Islands (U.S.),
VIR,2018,Virgin Islands (U.S.),
VIR,2017,Virgin Islands (U.S.),
VIR,2016,Virgin Islands (U.S.),
VIR,2015,Virgin Islands (U.S.),
PSE,2022,West Bank and Gaza,350.63812256
PSE,2021,West Bank and Gaza,364.4173584
PSE,2020,West Bank and Gaza,314.82254028
PSE,2019,West Bank and Gaza,317.45007324
PSE,2018,West Bank and Gaza,324.02166748
PSE,2017,West Bank and Gaza,310.2114563
PSE,2016,West Bank and Gaza,299.4125061
PSE,2015,West Bank and Gaza,286.91394043
YEM,2022,"Yemen, Rep.",54.29036331
YEM,2021,"Yemen, Rep.",49.30105209
YEM,2020,"Yemen, Rep.",65.17704773
YEM,2019,"Yemen, Rep.",80.94759369
YEM,2018,"Yemen, Rep.",143.68727112
YEM,2017,"Yemen, Rep.",87.29970551
YEM,2016,"Yemen, Rep.",75.22454071
YEM,2015,"Yemen, Rep.",88.40743256
ZMB,2022,Zambia,75.40128326
ZMB,2021,Zambia,74.83802795
ZMB,2020,Zambia,60.01779938
ZMB,2019,Zambia,85.02349854
ZMB,2018,Zambia,69.82767487
ZMB,2017,Zambia,70.93283844
ZMB,2016,Zambia,55.39532089
ZMB,2015,Zambia,57.38765335
ZWE,2022,Zimbabwe,68.90727997
ZWE,2021,Zimbabwe,60.89874268
ZWE,2020,Zimbabwe,51.14250565
ZWE,2019,Zimbabwe,55.10725403
ZWE,2018,Zimbabwe,114.76815033
ZWE,2017,Zimbabwe,91.87199402
ZWE,2016,Zimbabwe,102.15909576
ZWE,2015,Zimbabwe,103.31652832
